"Ind","Plot","budburst","leafout","flobuds","flobudburst","flowers","fruit","ripefruit","budset","risk","year"
"SAMRAC09_GR",7,58,124,82,128,135,142,159,NA,66,2018
"SAMRAC09_GR",7,58,124,82,128,135,142,163,NA,66,2018
"SAMRAC_HF_A",10,58,124,156,170,NA,187,NA,NA,66,2018
"SAMRAC07_GR",10,58,131,NA,NA,NA,NA,NA,NA,73,2018
"SAMRAC_HF_B",10,58,124,170,173,NA,187,NA,NA,66,2018
"SAMRAC_HF_A",13,58,124,149,170,NA,187,NA,NA,66,2018
"SAMRAC_HF_B",13,58,124,142,170,194,187,NA,277,66,2018
"SAMRAC08_GR",13,58,121,100,128,NA,142,159,NA,63,2018
"SAMRAC04_GR",10,64,124,NA,NA,NA,NA,NA,NA,60,2018
"SAMRAC02_GR",7,82,121,82,128,138,142,159,NA,39,2018
"SAMRAC02_GR",7,82,121,82,128,138,142,163,NA,39,2018
"DIELON01_WM",13,86,121,177,163,NA,197,NA,NA,35,2018
"SAMRAC_HF_C",13,86,124,142,170,NA,180,NA,NA,38,2018
"SAMRAC_HF_D",13,86,124,151,170,NA,194,156,NA,38,2018
"SPIALB12_GR",4,89,121,159,170,194,197,NA,NA,32,2018
"SPIALB12_GR",4,89,121,159,170,268,197,NA,NA,32,2018
"SPIALB04_SH",4,89,121,156,166,197,200,159,NA,32,2018
"SPIALB04_SH",4,89,121,156,166,197,200,166,NA,32,2018
"SPIALB04_SH",4,89,121,156,166,197,200,173,NA,32,2018
"SPIALB04_SH",4,89,121,156,166,197,200,180,NA,32,2018
"SPIALB04_SH",4,89,121,156,166,200,200,159,NA,32,2018
"SPIALB04_SH",4,89,121,156,166,200,200,166,NA,32,2018
"SPIALB04_SH",4,89,121,156,166,200,200,173,NA,32,2018
"SPIALB04_SH",4,89,121,156,166,200,200,180,NA,32,2018
"SPIALB12_GR",8,89,121,159,173,208,211,163,NA,32,2018
"SPIALB07_SH",8,89,121,159,173,208,187,170,NA,32,2018
"AMECAN01_WM",2,93,124,NA,NA,138,NA,NA,NA,31,2018
"AMECAN10_GR",3,93,124,116,124,131,135,151,NA,31,2018
"AMECAN10_GR",3,93,124,116,124,131,135,156,NA,31,2018
"AMECAN10_GR",3,93,124,116,124,131,135,159,NA,31,2018
"AMECAN10_GR",3,93,124,116,124,131,135,163,NA,31,2018
"AMECAN10_GR",3,93,124,116,124,131,135,166,NA,31,2018
"AMECAN10_GR",3,93,124,116,124,131,135,170,NA,31,2018
"AMECAN10_GR",3,93,124,116,124,131,135,173,NA,31,2018
"AMECAN10_GR",3,93,124,116,124,268,135,151,NA,31,2018
"AMECAN10_GR",3,93,124,116,124,268,135,156,NA,31,2018
"AMECAN10_GR",3,93,124,116,124,268,135,159,NA,31,2018
"AMECAN10_GR",3,93,124,116,124,268,135,163,NA,31,2018
"AMECAN10_GR",3,93,124,116,124,268,135,166,NA,31,2018
"AMECAN10_GR",3,93,124,116,124,268,135,170,NA,31,2018
"AMECAN10_GR",3,93,124,116,124,268,135,173,NA,31,2018
"SPITOM05_WM",4,93,124,159,121,131,200,156,NA,31,2018
"SPITOM05_WM",4,93,124,159,121,131,200,159,NA,31,2018
"SPITOM05_WM",4,93,124,159,121,131,200,163,NA,31,2018
"SPITOM05_WM",4,93,124,159,121,197,200,156,NA,31,2018
"SPITOM05_WM",4,93,124,159,121,197,200,159,NA,31,2018
"SPITOM05_WM",4,93,124,159,121,197,200,163,NA,31,2018
"SPITOM05_WM",4,93,124,159,121,200,200,156,NA,31,2018
"SPITOM05_WM",4,93,124,159,121,200,200,159,NA,31,2018
"SPITOM05_WM",4,93,124,159,121,200,200,163,NA,31,2018
"SPITOM05_WM",4,93,124,159,121,204,200,156,NA,31,2018
"SPITOM05_WM",4,93,124,159,121,204,200,159,NA,31,2018
"SPITOM05_WM",4,93,124,159,121,204,200,163,NA,31,2018
"SPITOM05_WM",4,93,124,159,121,208,200,156,NA,31,2018
"SPITOM05_WM",4,93,124,159,121,208,200,159,NA,31,2018
"SPITOM05_WM",4,93,124,159,121,208,200,163,NA,31,2018
"SPIALB09_SH",4,93,121,156,170,197,187,NA,NA,28,2018
"SPIALB09_SH",4,93,121,156,170,225,187,NA,NA,28,2018
"SPIALB01_HF",4,93,121,156,173,208,211,159,NA,28,2018
"SPIALB02_WM",4,93,124,159,173,187,194,156,NA,31,2018
"SPIALB02_WM",4,93,124,159,173,197,194,156,NA,31,2018
"SPITOM99_SH",4,93,124,159,187,211,213,159,NA,31,2018
"SPITOM99_SH",4,93,124,159,187,211,213,163,NA,31,2018
"SPITOM99_SH",4,93,124,159,187,211,213,173,NA,31,2018
"SPIALB04_HF",4,93,124,159,173,208,211,159,NA,31,2018
"SPIALB08_SH",4,93,121,159,177,197,200,159,NA,28,2018
"SPIALB03_GR",4,93,124,159,180,194,197,NA,NA,31,2018
"SPIALB07_SH",4,93,121,156,173,197,200,159,NA,28,2018
"SPIALB07_GR",4,93,124,156,170,200,204,159,NA,31,2018
"SPIALB07_GR",4,93,124,156,170,200,204,166,NA,31,2018
"SPIALB07_GR",4,93,124,156,170,200,204,173,NA,31,2018
"SPIALB07_GR",4,93,124,156,170,200,204,180,NA,31,2018
"SPIALB07_WM",4,93,121,151,166,197,200,159,NA,28,2018
"SPIALB07_WM",4,93,121,151,166,197,200,163,NA,28,2018
"SPIALB08_HF",4,93,124,159,180,NA,204,159,NA,31,2018
"SPIALB01_SH",4,93,124,159,173,NA,187,163,NA,31,2018
"DIELON01_HF",7,93,121,NA,156,166,170,163,268,28,2018
"DIELON01_HF",7,93,121,NA,156,166,170,166,268,28,2018
"DIELON01_HF",7,93,121,NA,156,166,170,173,268,28,2018
"DIELON01_HF",7,93,121,NA,156,173,170,163,268,28,2018
"DIELON01_HF",7,93,121,NA,156,173,170,166,268,28,2018
"DIELON01_HF",7,93,121,NA,156,173,170,173,268,28,2018
"DIELON01_HF",7,93,121,NA,156,208,170,163,268,28,2018
"DIELON01_HF",7,93,121,NA,156,208,170,166,268,28,2018
"DIELON01_HF",7,93,121,NA,156,208,170,173,268,28,2018
"DIELON01_HF",7,93,121,NA,156,225,170,163,268,28,2018
"DIELON01_HF",7,93,121,NA,156,225,170,166,268,28,2018
"DIELON01_HF",7,93,121,NA,156,225,170,173,268,28,2018
"DIELON01_HF",7,93,121,NA,156,228,170,163,268,28,2018
"DIELON01_HF",7,93,121,NA,156,228,170,166,268,28,2018
"DIELON01_HF",7,93,121,NA,156,228,170,173,268,28,2018
"SPIALB07_WM",8,93,121,151,170,NA,187,166,NA,28,2018
"SPIALB07_WM",8,93,121,151,170,NA,187,177,NA,28,2018
"SPITOM04_WM",8,93,124,170,187,204,208,166,NA,31,2018
"SPITOM04_WM",8,93,124,170,187,204,208,173,NA,31,2018
"SPITOM02_GR",8,93,124,159,187,200,204,170,NA,31,2018
"SPITOM02_GR",8,93,124,159,187,200,204,177,NA,31,2018
"SPITOM02_GR",8,93,124,159,187,208,204,170,NA,31,2018
"SPITOM02_GR",8,93,124,159,187,208,204,177,NA,31,2018
"SPITOM04_HF",8,93,124,170,184,NA,211,166,NA,31,2018
"SPITOM04_HF",8,93,124,170,184,NA,211,173,NA,31,2018
"SPITOM05_WM",8,93,124,177,187,NA,204,NA,NA,31,2018
"SPIALB02_HF",8,93,124,163,180,NA,211,NA,NA,31,2018
"VIBCAS09_WM",8,93,124,NA,NA,NA,NA,NA,NA,31,2018
"SPIALB09_GR",8,93,121,156,177,187,191,NA,NA,28,2018
"SPIALB04_HF",11,93,124,163,173,NA,197,NA,NA,31,2018
"SPIALB04_WM",11,93,121,151,173,NA,187,163,NA,28,2018
"SPIALB04_WM",11,93,121,151,173,NA,187,173,NA,28,2018
"SPIALB04_WM",11,93,121,151,173,NA,187,177,NA,28,2018
"SPIALB09_WM",11,93,121,159,173,NA,197,173,NA,28,2018
"SPIALB09_WM",11,93,121,159,173,NA,197,177,NA,28,2018
"SPIALB04_HF_B",11,93,124,163,184,197,200,NA,NA,31,2018
"DIELON02_SH_B",13,93,121,142,156,173,180,173,NA,28,2018
"AMECAN10_GR",2,96,124,116,124,131,135,151,NA,28,2018
"AMECAN10_GR",2,96,124,116,124,131,135,156,NA,28,2018
"AMECAN10_GR",2,96,124,116,124,131,135,159,NA,28,2018
"AMECAN10_GR",2,96,124,116,124,131,135,163,NA,28,2018
"AMECAN10_GR",2,96,124,116,124,131,135,166,NA,28,2018
"AMECAN10_GR",2,96,124,116,124,131,135,170,NA,28,2018
"AMECAN10_GR",2,96,124,116,124,131,135,173,NA,28,2018
"SPITOM09_SH",4,96,124,159,187,208,211,159,NA,28,2018
"AROMEL15_WM 05?",4,96,124,121,124,145,149,NA,NA,28,2018
"BETPAP08_GR",5,96,135,NA,NA,NA,NA,NA,253,39,2018
"AMECAN04_SH",5,96,124,116,124,131,135,156,NA,28,2018
"AMECAN04_SH",5,96,124,116,124,131,135,159,NA,28,2018
"AMECAN04_SH",5,96,124,116,124,131,135,163,NA,28,2018
"AMECAN04_SH",5,96,124,116,124,131,135,166,NA,28,2018
"AMECAN04_SH",5,96,124,116,124,131,135,170,NA,28,2018
"AMECAN04_SH",5,96,124,116,124,131,135,173,NA,28,2018
"SAMRAC07_GR_A",7,96,121,93,128,142,145,159,NA,25,2018
"SORAME09_GR_A",7,96,131,NA,NA,NA,NA,NA,NA,35,2018
"AROMEL10_HF",8,96,124,114,135,145,149,173,NA,28,2018
"AROMEL10_HF",8,96,124,114,135,145,149,177,NA,28,2018
"AROMEL10_HF",8,96,124,114,135,145,149,180,NA,28,2018
"AROMEL10_HF",8,96,124,114,135,145,149,184,NA,28,2018
"AROMEL10_HF",8,96,124,114,135,145,149,187,NA,28,2018
"AROMEL10_HF",8,96,124,114,135,145,149,191,NA,28,2018
"AROMEL10_HF",8,96,124,114,135,145,149,194,NA,28,2018
"AROMEL10_HF",8,96,124,114,135,145,149,197,NA,28,2018
"AROMEL10_HF",8,96,124,114,135,145,149,200,NA,28,2018
"AROMEL07_WM",8,96,124,121,135,149,151,173,NA,28,2018
"AROMEL07_WM",8,96,124,121,135,149,151,177,NA,28,2018
"AROMEL07_WM",8,96,124,121,135,149,151,180,NA,28,2018
"AROMEL07_WM",8,96,124,121,135,149,151,184,NA,28,2018
"AROMEL07_WM",8,96,124,121,135,149,151,187,NA,28,2018
"AROMEL07_WM",8,96,124,121,135,149,151,191,NA,28,2018
"AROMEL07_WM",8,96,124,121,135,149,151,194,NA,28,2018
"AROMEL07_WM",8,96,124,121,135,149,151,197,NA,28,2018
"AROMEL07_WM",8,96,124,121,135,149,151,200,NA,28,2018
"VIBCAS12_GR",8,96,121,NA,NA,NA,NA,NA,NA,25,2018
"SPITOM02_GR_B",8,96,131,163,187,225,204,166,NA,35,2018
"SPITOM02_GR_B",8,96,131,163,187,225,204,173,NA,35,2018
"VIBCAS05_SH",8,96,124,121,151,166,170,187,NA,28,2018
"VIBCAS05_SH",8,96,124,121,151,166,170,191,NA,28,2018
"VIBCAS05_SH",8,96,124,121,151,166,170,194,NA,28,2018
"VIBCAS05_SH",8,96,124,121,151,166,170,197,NA,28,2018
"VIBCAS05_SH",8,96,124,121,151,166,170,200,NA,28,2018
"VIBCAS05_SH",8,96,124,121,151,166,170,204,NA,28,2018
"VIBCAS05_SH",8,96,124,121,151,166,170,208,NA,28,2018
"SPIALB05_GR",8,96,124,156,173,187,211,NA,NA,28,2018
"SPIALB05_GR",8,96,124,156,173,191,211,NA,NA,28,2018
"SPIALB05_GR",8,96,124,156,173,194,211,NA,NA,28,2018
"SPIALB05_GR",8,96,124,156,173,208,211,NA,NA,28,2018
"SPIALB05_GR",8,96,124,156,173,225,211,NA,NA,28,2018
"SPIALB03_GR",8,96,121,156,170,228,187,NA,NA,25,2018
"VIBCAS01_SH",8,96,121,NA,NA,NA,NA,NA,NA,25,2018
"SPIALB03_HF",8,96,121,159,166,194,197,170,NA,25,2018
"SPIALB03_HF",8,96,121,159,166,225,197,170,NA,25,2018
"SPIALB03_HF",8,96,121,159,166,228,197,170,NA,25,2018
"SPITOM09_HF",8,96,121,159,187,208,211,177,NA,25,2018
"SPIALB10_HF",11,96,124,159,180,211,213,NA,NA,28,2018
"VIBCA04_WM",11,96,124,124,151,163,166,187,NA,28,2018
"VIBCA04_WM",11,96,124,124,151,163,166,191,NA,28,2018
"VIBCA04_WM",11,96,124,124,151,163,166,194,NA,28,2018
"VIBCA04_WM",11,96,124,124,151,163,166,197,NA,28,2018
"VIBCA04_WM",11,96,124,124,151,163,166,200,NA,28,2018
"SPITOM99_SH",11,96,124,170,187,204,208,163,NA,28,2018
"SPITOM99_SH",11,96,124,170,187,204,208,170,NA,28,2018
"SPITOM99_SH",11,96,124,170,187,204,208,173,NA,28,2018
"SPITOM99_SH",11,96,124,170,187,204,208,177,NA,28,2018
"SPITOM99_SH",11,96,124,170,187,204,208,180,NA,28,2018
"SPITOM99_SH",11,96,124,170,187,208,208,163,NA,28,2018
"SPITOM99_SH",11,96,124,170,187,208,208,170,NA,28,2018
"SPITOM99_SH",11,96,124,170,187,208,208,173,NA,28,2018
"SPITOM99_SH",11,96,124,170,187,208,208,177,NA,28,2018
"SPITOM99_SH",11,96,124,170,187,208,208,180,NA,28,2018
"SPITOM99_SH",11,96,124,170,187,211,208,163,NA,28,2018
"SPITOM99_SH",11,96,124,170,187,211,208,170,NA,28,2018
"SPITOM99_SH",11,96,124,170,187,211,208,173,NA,28,2018
"SPITOM99_SH",11,96,124,170,187,211,208,177,NA,28,2018
"SPITOM99_SH",11,96,124,170,187,211,208,180,NA,28,2018
"SPITOM99_SH",11,96,124,170,187,228,208,163,NA,28,2018
"SPITOM99_SH",11,96,124,170,187,228,208,170,NA,28,2018
"SPITOM99_SH",11,96,124,170,187,228,208,173,NA,28,2018
"SPITOM99_SH",11,96,124,170,187,228,208,177,NA,28,2018
"SPITOM99_SH",11,96,124,170,187,228,208,180,NA,28,2018
"AROMEL05_WM",11,96,124,124,135,145,149,187,NA,28,2018
"AROMEL05_WM",11,96,124,124,135,145,149,191,NA,28,2018
"AROMEL05_WM",11,96,124,124,135,145,149,194,NA,28,2018
"AROMEL05_WM",11,96,124,124,135,145,149,197,NA,28,2018
"VIBCAS09_SH",11,96,124,NA,NA,NA,NA,NA,NA,28,2018
"VIBCAS10_WM",11,96,121,NA,NA,NA,NA,NA,NA,25,2018
"BETALL08_WM-B",12,96,138,NA,NA,NA,NA,NA,268,42,2018
"BETPAP05_GR-A",2,100,124,NA,NA,NA,NA,NA,263,24,2018
"ALNINC05_WM_B",2,100,124,58,64,82,NA,NA,263,24,2018
"ALNINC05_WM_B",2,100,124,58,64,82,NA,NA,297,24,2018
"VIBCAS01_SH",4,100,121,NA,NA,NA,NA,NA,NA,21,2018
"AROMEL02_WM",4,100,124,121,131,145,149,180,NA,24,2018
"AROMEL02_WM",4,100,124,121,131,145,149,184,NA,24,2018
"VIBCAS12_GR-B",4,100,124,NA,NA,NA,NA,NA,NA,24,2018
"BETPAP16_HF",6,100,124,NA,NA,NA,NA,NA,274,24,2018
"DIELON04_HF",7,100,124,187,194,200,204,NA,NA,24,2018
"AROMEL04_HF",8,100,124,114,135,145,149,173,NA,24,2018
"AROMEL04_HF",8,100,124,114,135,145,149,177,NA,24,2018
"AROMEL04_HF",8,100,124,114,135,145,149,180,NA,24,2018
"AROMEL04_HF",8,100,124,114,135,145,149,184,NA,24,2018
"AROMEL04_HF",8,100,124,114,135,145,149,187,NA,24,2018
"AROMEL04_HF",8,100,124,114,135,145,149,191,NA,24,2018
"AROMEL04_HF",8,100,124,114,135,145,149,194,NA,24,2018
"AROMEL04_HF",8,100,124,114,135,145,149,197,NA,24,2018
"AROMEL04_HF",8,100,124,114,135,145,149,200,NA,24,2018
"SPITOM06_HF",8,100,124,159,187,204,208,163,NA,24,2018
"SPITOM01_GR",11,100,124,170,184,197,200,173,NA,24,2018
"SPITOM01_GR",11,100,124,170,184,200,200,173,NA,24,2018
"betpapgr5",1,103,184,NA,NA,NA,NA,NA,274,81,2018
"ALNINC-01-SH",1,103,124,NA,NA,NA,NA,NA,277,21,2018
"BETPAP01_SH",1,103,128,NA,NA,NA,NA,NA,263,25,2018
"BETPOP07_WM",1,103,124,NA,NA,NA,NA,NA,268,21,2018
"ALNINC02_WM",1,103,124,58,64,82,NA,187,270,21,2018
"ALNINC02_WM",1,103,124,58,64,82,NA,187,288,21,2018
"ALNINC02_WM",1,103,124,58,64,82,NA,187,297,21,2018
"ALNINC02_WM",1,103,124,58,64,82,NA,191,270,21,2018
"ALNINC02_WM",1,103,124,58,64,82,NA,191,288,21,2018
"ALNINC02_WM",1,103,124,58,64,82,NA,191,297,21,2018
"ALNINC02_WM",1,103,124,58,64,82,NA,194,270,21,2018
"ALNINC02_WM",1,103,124,58,64,82,NA,194,288,21,2018
"ALNINC02_WM",1,103,124,58,64,82,NA,194,297,21,2018
"ALNINC02_WM",1,103,124,58,64,82,NA,197,270,21,2018
"ALNINC02_WM",1,103,124,58,64,82,NA,197,288,21,2018
"ALNINC02_WM",1,103,124,58,64,82,NA,197,297,21,2018
"ALNINC02_WM",1,103,124,58,64,82,NA,200,270,21,2018
"ALNINC02_WM",1,103,124,58,64,82,NA,200,288,21,2018
"ALNINC02_WM",1,103,124,58,64,82,NA,200,297,21,2018
"ALNINC02_WM",1,103,124,58,64,82,NA,204,270,21,2018
"ALNINC02_WM",1,103,124,58,64,82,NA,204,288,21,2018
"ALNINC02_WM",1,103,124,58,64,82,NA,204,297,21,2018
"ALNINC02_WM",1,103,124,58,64,82,NA,208,270,21,2018
"ALNINC02_WM",1,103,124,58,64,82,NA,208,288,21,2018
"ALNINC02_WM",1,103,124,58,64,82,NA,208,297,21,2018
"ALNINC02_WM",1,103,124,58,64,82,NA,211,270,21,2018
"ALNINC02_WM",1,103,124,58,64,82,NA,211,288,21,2018
"ALNINC02_WM",1,103,124,58,64,82,NA,211,297,21,2018
"ALNINC02_WM",1,103,124,58,64,82,NA,151,270,21,2018
"ALNINC02_WM",1,103,124,58,64,82,NA,151,288,21,2018
"ALNINC02_WM",1,103,124,58,64,82,NA,151,297,21,2018
"ALNINC02_WM",1,103,124,58,64,82,NA,156,270,21,2018
"ALNINC02_WM",1,103,124,58,64,82,NA,156,288,21,2018
"ALNINC02_WM",1,103,124,58,64,82,NA,156,297,21,2018
"ALNINC02_WM",1,103,124,58,64,89,NA,187,270,21,2018
"ALNINC02_WM",1,103,124,58,64,89,NA,187,288,21,2018
"ALNINC02_WM",1,103,124,58,64,89,NA,187,297,21,2018
"ALNINC02_WM",1,103,124,58,64,89,NA,191,270,21,2018
"ALNINC02_WM",1,103,124,58,64,89,NA,191,288,21,2018
"ALNINC02_WM",1,103,124,58,64,89,NA,191,297,21,2018
"ALNINC02_WM",1,103,124,58,64,89,NA,194,270,21,2018
"ALNINC02_WM",1,103,124,58,64,89,NA,194,288,21,2018
"ALNINC02_WM",1,103,124,58,64,89,NA,194,297,21,2018
"ALNINC02_WM",1,103,124,58,64,89,NA,197,270,21,2018
"ALNINC02_WM",1,103,124,58,64,89,NA,197,288,21,2018
"ALNINC02_WM",1,103,124,58,64,89,NA,197,297,21,2018
"ALNINC02_WM",1,103,124,58,64,89,NA,200,270,21,2018
"ALNINC02_WM",1,103,124,58,64,89,NA,200,288,21,2018
"ALNINC02_WM",1,103,124,58,64,89,NA,200,297,21,2018
"ALNINC02_WM",1,103,124,58,64,89,NA,204,270,21,2018
"ALNINC02_WM",1,103,124,58,64,89,NA,204,288,21,2018
"ALNINC02_WM",1,103,124,58,64,89,NA,204,297,21,2018
"ALNINC02_WM",1,103,124,58,64,89,NA,208,270,21,2018
"ALNINC02_WM",1,103,124,58,64,89,NA,208,288,21,2018
"ALNINC02_WM",1,103,124,58,64,89,NA,208,297,21,2018
"ALNINC02_WM",1,103,124,58,64,89,NA,211,270,21,2018
"ALNINC02_WM",1,103,124,58,64,89,NA,211,288,21,2018
"ALNINC02_WM",1,103,124,58,64,89,NA,211,297,21,2018
"ALNINC02_WM",1,103,124,58,64,89,NA,151,270,21,2018
"ALNINC02_WM",1,103,124,58,64,89,NA,151,288,21,2018
"ALNINC02_WM",1,103,124,58,64,89,NA,151,297,21,2018
"ALNINC02_WM",1,103,124,58,64,89,NA,156,270,21,2018
"ALNINC02_WM",1,103,124,58,64,89,NA,156,288,21,2018
"ALNINC02_WM",1,103,124,58,64,89,NA,156,297,21,2018
"ALNINC02_WM",1,103,124,58,64,93,NA,187,270,21,2018
"ALNINC02_WM",1,103,124,58,64,93,NA,187,288,21,2018
"ALNINC02_WM",1,103,124,58,64,93,NA,187,297,21,2018
"ALNINC02_WM",1,103,124,58,64,93,NA,191,270,21,2018
"ALNINC02_WM",1,103,124,58,64,93,NA,191,288,21,2018
"ALNINC02_WM",1,103,124,58,64,93,NA,191,297,21,2018
"ALNINC02_WM",1,103,124,58,64,93,NA,194,270,21,2018
"ALNINC02_WM",1,103,124,58,64,93,NA,194,288,21,2018
"ALNINC02_WM",1,103,124,58,64,93,NA,194,297,21,2018
"ALNINC02_WM",1,103,124,58,64,93,NA,197,270,21,2018
"ALNINC02_WM",1,103,124,58,64,93,NA,197,288,21,2018
"ALNINC02_WM",1,103,124,58,64,93,NA,197,297,21,2018
"ALNINC02_WM",1,103,124,58,64,93,NA,200,270,21,2018
"ALNINC02_WM",1,103,124,58,64,93,NA,200,288,21,2018
"ALNINC02_WM",1,103,124,58,64,93,NA,200,297,21,2018
"ALNINC02_WM",1,103,124,58,64,93,NA,204,270,21,2018
"ALNINC02_WM",1,103,124,58,64,93,NA,204,288,21,2018
"ALNINC02_WM",1,103,124,58,64,93,NA,204,297,21,2018
"ALNINC02_WM",1,103,124,58,64,93,NA,208,270,21,2018
"ALNINC02_WM",1,103,124,58,64,93,NA,208,288,21,2018
"ALNINC02_WM",1,103,124,58,64,93,NA,208,297,21,2018
"ALNINC02_WM",1,103,124,58,64,93,NA,211,270,21,2018
"ALNINC02_WM",1,103,124,58,64,93,NA,211,288,21,2018
"ALNINC02_WM",1,103,124,58,64,93,NA,211,297,21,2018
"ALNINC02_WM",1,103,124,58,64,93,NA,151,270,21,2018
"ALNINC02_WM",1,103,124,58,64,93,NA,151,288,21,2018
"ALNINC02_WM",1,103,124,58,64,93,NA,151,297,21,2018
"ALNINC02_WM",1,103,124,58,64,93,NA,156,270,21,2018
"ALNINC02_WM",1,103,124,58,64,93,NA,156,288,21,2018
"ALNINC02_WM",1,103,124,58,64,93,NA,156,297,21,2018
"BETPAP16_HF",2,103,124,NA,NA,NA,NA,NA,263,21,2018
"BETPOP05_HF",2,103,124,NA,NA,NA,NA,NA,263,21,2018
"ACEPEN05_WM",2,103,131,NA,128,142,NA,NA,260,28,2018
"BETPAP05_GR",2,103,138,NA,NA,NA,NA,NA,NA,35,2018
"ALNINC11_GR",3,103,124,NA,NA,NA,NA,NA,274,21,2018
"BETALL04_SH",3,103,131,NA,NA,NA,NA,NA,263,28,2018
"BETPOP05_GR",3,103,124,NA,NA,NA,NA,NA,260,21,2018
"BETPOP05_GR",3,103,124,NA,NA,NA,NA,NA,263,21,2018
"BETPAP08_GR",3,103,124,NA,NA,NA,NA,NA,268,21,2018
"VIBCAS09_GR",4,103,121,NA,NA,NA,NA,NA,NA,18,2018
"VIBCAS04_WM",4,103,124,NA,NA,NA,NA,NA,NA,21,2018
"VIBCAS12_GR",4,103,124,124,149,NA,159,NA,NA,21,2018
"VIBCAS05_SH",4,103,124,121,151,166,170,187,NA,21,2018
"VIBCAS10_GR",4,103,124,NA,NA,NA,NA,NA,NA,21,2018
"BETALL08_WM",5,103,128,116,NA,NA,NA,NA,256,25,2018
"BETALL08_WM",5,103,128,116,NA,NA,NA,NA,268,25,2018
"AMECAN10_GR",5,103,124,116,124,131,135,151,NA,21,2018
"AMECAN10_GR",5,103,124,116,124,131,135,156,NA,21,2018
"AMECAN10_GR",5,103,124,116,124,131,135,159,NA,21,2018
"AMECAN10_GR",5,103,124,116,124,131,135,163,NA,21,2018
"AMECAN10_GR",5,103,124,116,124,131,135,166,NA,21,2018
"AMECAN10_GR",5,103,124,116,124,131,135,170,NA,21,2018
"AMECAN10_GR",5,103,124,116,124,131,135,173,NA,21,2018
"ALNINC01_GR",5,103,128,NA,NA,NA,NA,NA,268,25,2018
"ALNINC01_GR",5,103,128,NA,NA,NA,NA,NA,288,25,2018
"QUERUB9_HF",5,103,124,NA,NA,NA,NA,NA,NA,21,2018
"ACEPEN05_WM",5,103,131,NA,NA,NA,NA,NA,NA,28,2018
"BETPOP03_GR",6,103,124,NA,NA,NA,NA,NA,268,21,2018
"AMECAN04_SH",6,103,124,NA,NA,NA,NA,NA,NA,21,2018
"AMECAN10_GR",6,103,124,116,124,131,135,159,NA,21,2018
"AMECAN10_GR",6,103,124,116,124,131,135,163,NA,21,2018
"AMECAN10_GR",6,103,124,116,124,131,135,166,NA,21,2018
"AMECAN10_GR",6,103,124,116,124,131,135,170,NA,21,2018
"SORAME09_GR",7,103,135,NA,NA,NA,NA,NA,NA,32,2018
"ACESPI04_GR",7,103,124,NA,NA,NA,NA,NA,NA,21,2018
"SORAME09_GR_B",7,103,131,142,151,163,166,180,NA,28,2018
"SORAME09_GR_B",7,103,131,142,151,163,166,184,NA,28,2018
"SORAME09_GR_B",7,103,131,142,151,163,166,187,NA,28,2018
"SORAME09_GR_B",7,103,131,142,151,163,166,191,NA,28,2018
"SORAME09_GR_B",7,103,131,142,151,163,166,194,NA,28,2018
"ACESPI01_WM",7,103,124,NA,NA,NA,NA,NA,NA,21,2018
"SPITOM13_HF",8,103,124,159,191,208,211,NA,NA,21,2018
"SPITOM01_GR",8,103,124,170,187,200,204,170,NA,21,2018
"ALNINC08_SH",9,103,124,NA,NA,NA,NA,NA,263,21,2018
"ALNINC08_SH",9,103,124,NA,NA,NA,NA,NA,277,21,2018
"BETPOP07_WM",9,103,124,NA,NA,NA,NA,NA,268,21,2018
"BETAL08_WM",9,103,131,NA,NA,NA,NA,NA,239,28,2018
"BETALL04_SH",9,103,124,NA,NA,NA,NA,NA,239,21,2018
"ACESPI04_GR",10,103,124,NA,NA,NA,NA,NA,NA,21,2018
"[SORAME09_GR]",10,103,131,NA,NA,NA,NA,NA,225,28,2018
"SPITOM901_GR",11,103,124,166,187,204,208,170,NA,21,2018
"SPITOM901_GR",11,103,124,166,187,204,208,177,NA,21,2018
"MYRGAL06_WM",11,103,124,NA,96,116,NA,NA,NA,21,2018
"VIBCAS10_GR",11,103,121,NA,NA,NA,NA,NA,NA,18,2018
"DIELON02_HF",13,103,142,142,156,187,173,NA,NA,39,2018
"DIELON08_GR",13,103,124,142,156,211,173,NA,NA,21,2018
"DIELON08_GR",13,103,124,142,156,219,173,NA,NA,21,2018
"DIELON08_GR",13,103,124,142,156,221,173,NA,NA,21,2018
"DIELON02_HF_C",13,103,135,142,156,173,180,NA,NA,32,2018
"DIELON02_HF_C",13,103,135,142,156,225,180,NA,NA,32,2018
"DIELON02_HF_C",13,103,135,142,156,228,180,NA,NA,32,2018
"BETALL13_GR",15,103,131,NA,NA,NA,NA,NA,253,28,2018
"BETPOP09_WM",15,103,124,NA,NA,NA,NA,NA,263,21,2018
"AMECAN03_SH",15,103,124,NA,NA,NA,NA,NA,NA,21,2018
"ALNINC11_GR",15,103,124,NA,NA,NA,NA,NA,268,21,2018
"BETPOP07_WM",15,103,124,NA,NA,NA,NA,NA,268,21,2018
"BETPOP08_WM",15,103,124,NA,NA,NA,NA,NA,268,21,2018
"ALNINC11_GR",1,107,124,NA,NA,NA,NA,NA,274,17,2018
"BETPAP1_SH",1,107,124,NA,NA,NA,NA,NA,263,17,2018
"ALNINC04_SH",2,107,124,NA,58,82,149,180,260,17,2018
"ALNINC04_SH",2,107,124,NA,58,82,149,180,277,17,2018
"ALNINC04_SH",2,107,124,NA,58,82,149,184,260,17,2018
"ALNINC04_SH",2,107,124,NA,58,82,149,184,277,17,2018
"ALNINC04_SH",2,107,124,NA,58,82,149,187,260,17,2018
"ALNINC04_SH",2,107,124,NA,58,82,149,187,277,17,2018
"ALNINC04_SH",2,107,124,NA,58,82,149,191,260,17,2018
"ALNINC04_SH",2,107,124,NA,58,82,149,191,277,17,2018
"ALNINC04_SH",2,107,124,NA,58,82,149,194,260,17,2018
"ALNINC04_SH",2,107,124,NA,58,82,149,194,277,17,2018
"ALNINC04_SH",2,107,124,NA,58,82,149,197,260,17,2018
"ALNINC04_SH",2,107,124,NA,58,82,149,197,277,17,2018
"ALNINC04_SH",2,107,124,NA,58,82,149,200,260,17,2018
"ALNINC04_SH",2,107,124,NA,58,82,149,200,277,17,2018
"ALNINC04_SH",2,107,124,NA,58,82,149,204,260,17,2018
"ALNINC04_SH",2,107,124,NA,58,82,149,204,277,17,2018
"ALNINC04_SH",2,107,124,NA,58,82,149,208,260,17,2018
"ALNINC04_SH",2,107,124,NA,58,82,149,208,277,17,2018
"ALNINC04_SH",2,107,124,NA,58,82,149,211,260,17,2018
"ALNINC04_SH",2,107,124,NA,58,82,149,211,277,17,2018
"ALNINC04_SH",2,107,124,NA,58,82,149,151,260,17,2018
"ALNINC04_SH",2,107,124,NA,58,82,149,151,277,17,2018
"ALNINC04_SH",2,107,124,NA,58,124,149,180,260,17,2018
"ALNINC04_SH",2,107,124,NA,58,124,149,180,277,17,2018
"ALNINC04_SH",2,107,124,NA,58,124,149,184,260,17,2018
"ALNINC04_SH",2,107,124,NA,58,124,149,184,277,17,2018
"ALNINC04_SH",2,107,124,NA,58,124,149,187,260,17,2018
"ALNINC04_SH",2,107,124,NA,58,124,149,187,277,17,2018
"ALNINC04_SH",2,107,124,NA,58,124,149,191,260,17,2018
"ALNINC04_SH",2,107,124,NA,58,124,149,191,277,17,2018
"ALNINC04_SH",2,107,124,NA,58,124,149,194,260,17,2018
"ALNINC04_SH",2,107,124,NA,58,124,149,194,277,17,2018
"ALNINC04_SH",2,107,124,NA,58,124,149,197,260,17,2018
"ALNINC04_SH",2,107,124,NA,58,124,149,197,277,17,2018
"ALNINC04_SH",2,107,124,NA,58,124,149,200,260,17,2018
"ALNINC04_SH",2,107,124,NA,58,124,149,200,277,17,2018
"ALNINC04_SH",2,107,124,NA,58,124,149,204,260,17,2018
"ALNINC04_SH",2,107,124,NA,58,124,149,204,277,17,2018
"ALNINC04_SH",2,107,124,NA,58,124,149,208,260,17,2018
"ALNINC04_SH",2,107,124,NA,58,124,149,208,277,17,2018
"ALNINC04_SH",2,107,124,NA,58,124,149,211,260,17,2018
"ALNINC04_SH",2,107,124,NA,58,124,149,211,277,17,2018
"ALNINC04_SH",2,107,124,NA,58,124,149,151,260,17,2018
"ALNINC04_SH",2,107,124,NA,58,124,149,151,277,17,2018
"ALNINC04_SH",2,107,124,NA,58,128,149,180,260,17,2018
"ALNINC04_SH",2,107,124,NA,58,128,149,180,277,17,2018
"ALNINC04_SH",2,107,124,NA,58,128,149,184,260,17,2018
"ALNINC04_SH",2,107,124,NA,58,128,149,184,277,17,2018
"ALNINC04_SH",2,107,124,NA,58,128,149,187,260,17,2018
"ALNINC04_SH",2,107,124,NA,58,128,149,187,277,17,2018
"ALNINC04_SH",2,107,124,NA,58,128,149,191,260,17,2018
"ALNINC04_SH",2,107,124,NA,58,128,149,191,277,17,2018
"ALNINC04_SH",2,107,124,NA,58,128,149,194,260,17,2018
"ALNINC04_SH",2,107,124,NA,58,128,149,194,277,17,2018
"ALNINC04_SH",2,107,124,NA,58,128,149,197,260,17,2018
"ALNINC04_SH",2,107,124,NA,58,128,149,197,277,17,2018
"ALNINC04_SH",2,107,124,NA,58,128,149,200,260,17,2018
"ALNINC04_SH",2,107,124,NA,58,128,149,200,277,17,2018
"ALNINC04_SH",2,107,124,NA,58,128,149,204,260,17,2018
"ALNINC04_SH",2,107,124,NA,58,128,149,204,277,17,2018
"ALNINC04_SH",2,107,124,NA,58,128,149,208,260,17,2018
"ALNINC04_SH",2,107,124,NA,58,128,149,208,277,17,2018
"ALNINC04_SH",2,107,124,NA,58,128,149,211,260,17,2018
"ALNINC04_SH",2,107,124,NA,58,128,149,211,277,17,2018
"ALNINC04_SH",2,107,124,NA,58,128,149,151,260,17,2018
"ALNINC04_SH",2,107,124,NA,58,128,149,151,277,17,2018
"BETPOP01_HF",2,107,124,NA,128,NA,166,197,268,17,2018
"BETPOP01_HF",2,107,124,NA,128,NA,166,200,268,17,2018
"BETPOP01_HF",2,107,124,NA,128,NA,166,204,268,17,2018
"BETPOP01_HF",2,107,124,NA,128,NA,166,208,268,17,2018
"BETPOP01_HF",2,107,124,NA,128,NA,166,211,268,17,2018
"BETPOP01_HF",2,107,124,NA,128,NA,166,156,268,17,2018
"ALNINC01_GR",3,107,124,NA,NA,NA,NA,NA,274,17,2018
"ALNINC01_GR",3,107,124,NA,NA,NA,NA,NA,304,17,2018
"ALNINC08_GR",3,107,124,NA,NA,NA,NA,NA,274,17,2018
"ALNINC08_GR-B",5,107,124,NA,NA,NA,NA,NA,268,17,2018
"ALNINC08_GR-B",5,107,124,NA,NA,NA,NA,NA,297,17,2018
"BETPAP16_HF",5,107,124,NA,NA,NA,NA,NA,268,17,2018
"ALNINC06_SH",5,107,124,NA,58,82,NA,166,288,17,2018
"ALNINC06_SH",5,107,124,NA,58,82,NA,170,288,17,2018
"ALNINC06_SH",5,107,124,NA,58,82,NA,173,288,17,2018
"ALNINC06_SH",5,107,124,NA,58,82,NA,177,288,17,2018
"BETPOP03_HF",6,107,124,NA,128,131,151,180,263,17,2018
"BETPOP03_HF",6,107,124,NA,128,131,151,180,297,17,2018
"BETPOP03_HF",6,107,124,NA,128,131,151,184,263,17,2018
"BETPOP03_HF",6,107,124,NA,128,131,151,184,297,17,2018
"BETPOP03_HF",6,107,124,NA,128,131,151,187,263,17,2018
"BETPOP03_HF",6,107,124,NA,128,131,151,187,297,17,2018
"BETPOP03_HF",6,107,124,NA,128,131,151,191,263,17,2018
"BETPOP03_HF",6,107,124,NA,128,131,151,191,297,17,2018
"BETPOP03_HF",6,107,124,NA,128,131,151,194,263,17,2018
"BETPOP03_HF",6,107,124,NA,128,131,151,194,297,17,2018
"BETPOP03_HF",6,107,124,NA,128,131,151,197,263,17,2018
"BETPOP03_HF",6,107,124,NA,128,131,151,197,297,17,2018
"DIELON05_GR_B",7,107,121,NA,159,166,170,166,NA,14,2018
"DIELON05_GR_B",7,107,121,NA,159,166,170,180,NA,14,2018
"DIELON04_SH",7,107,124,NA,156,173,184,166,NA,17,2018
"DIELON04_SH",7,107,124,NA,156,173,184,173,NA,17,2018
"DIELON04_SH",7,107,124,NA,156,180,184,166,NA,17,2018
"DIELON04_SH",7,107,124,NA,156,180,184,173,NA,17,2018
"DIELON05_GR_C",7,107,124,NA,184,NA,180,163,NA,17,2018
"DIELON05_GR_C",7,107,124,NA,184,NA,180,166,NA,17,2018
"DIELON05_GR_C",7,107,124,NA,184,NA,180,180,NA,17,2018
"BETPOP07_WM",2,110,124,NA,NA,NA,NA,NA,274,14,2018
"ALNINC09_HF",2,110,128,58,NA,82,149,180,288,18,2018
"ALNINC09_HF",2,110,128,58,NA,82,149,184,288,18,2018
"ALNINC09_HF",2,110,128,58,NA,82,149,187,288,18,2018
"ALNINC09_HF",2,110,128,58,NA,82,149,191,288,18,2018
"ALNINC09_HF",2,110,128,58,NA,82,149,194,288,18,2018
"ALNINC09_HF",2,110,128,58,NA,82,149,197,288,18,2018
"ALNINC09_HF",2,110,128,58,NA,82,149,200,288,18,2018
"ALNINC09_HF",2,110,128,58,NA,82,149,204,288,18,2018
"ALNINC09_HF",2,110,128,58,NA,82,149,208,288,18,2018
"ALNINC09_HF",2,110,128,58,NA,82,149,211,288,18,2018
"ALNINC09_HF",2,110,128,58,NA,82,149,151,288,18,2018
"ALNINC09_HF",2,110,128,58,NA,121,149,180,288,18,2018
"ALNINC09_HF",2,110,128,58,NA,121,149,184,288,18,2018
"ALNINC09_HF",2,110,128,58,NA,121,149,187,288,18,2018
"ALNINC09_HF",2,110,128,58,NA,121,149,191,288,18,2018
"ALNINC09_HF",2,110,128,58,NA,121,149,194,288,18,2018
"ALNINC09_HF",2,110,128,58,NA,121,149,197,288,18,2018
"ALNINC09_HF",2,110,128,58,NA,121,149,200,288,18,2018
"ALNINC09_HF",2,110,128,58,NA,121,149,204,288,18,2018
"ALNINC09_HF",2,110,128,58,NA,121,149,208,288,18,2018
"ALNINC09_HF",2,110,128,58,NA,121,149,211,288,18,2018
"ALNINC09_HF",2,110,128,58,NA,121,149,151,288,18,2018
"ALNINC09_HF",2,110,128,58,NA,128,149,180,288,18,2018
"ALNINC09_HF",2,110,128,58,NA,128,149,184,288,18,2018
"ALNINC09_HF",2,110,128,58,NA,128,149,187,288,18,2018
"ALNINC09_HF",2,110,128,58,NA,128,149,191,288,18,2018
"ALNINC09_HF",2,110,128,58,NA,128,149,194,288,18,2018
"ALNINC09_HF",2,110,128,58,NA,128,149,197,288,18,2018
"ALNINC09_HF",2,110,128,58,NA,128,149,200,288,18,2018
"ALNINC09_HF",2,110,128,58,NA,128,149,204,288,18,2018
"ALNINC09_HF",2,110,128,58,NA,128,149,208,288,18,2018
"ALNINC09_HF",2,110,128,58,NA,128,149,211,288,18,2018
"ALNINC09_HF",2,110,128,58,NA,128,149,151,288,18,2018
"BETPAP16_HF",3,110,124,NA,NA,NA,NA,NA,270,14,2018
"BETPOP07_WM",3,110,124,NA,NA,NA,NA,NA,268,14,2018
"BETPOP07_WM",3,110,124,NA,NA,NA,NA,NA,304,14,2018
"BETPOP05_GR",6,110,124,NA,NA,NA,NA,NA,268,14,2018
"BETPAP08_GR",6,110,131,NA,NA,NA,NA,NA,246,21,2018
"ALNINC05_HF",6,110,128,58,121,82,151,NA,239,18,2018
"ALNINC05_HF",6,110,128,58,121,82,151,NA,297,18,2018
"BETALL05_SH",6,110,131,NA,NA,NA,NA,NA,263,21,2018
"BETPOP05_HF",6,110,124,NA,NA,NA,NA,NA,270,14,2018
"BETPOP05_HF",6,110,124,NA,NA,NA,NA,NA,297,14,2018
"BETALL02_SH",6,110,124,NA,NA,NA,NA,NA,263,14,2018
"AMECAN02_SH",6,110,131,NA,NA,NA,NA,NA,NA,21,2018
"BETPOP07_WM",6,110,124,NA,NA,NA,NA,NA,268,14,2018
"DIELON_WM",7,110,124,197,204,NA,NA,NA,NA,14,2018
"DIELON05_GR_A",7,110,NA,NA,156,163,211,NA,NA,NA,2018
"DIELON05_GR_A",7,110,NA,NA,156,166,211,NA,NA,NA,2018
"SORAME03_SH",7,110,131,NA,NA,NA,NA,NA,NA,21,2018
"DIELON03_HF",7,110,121,NA,156,NA,173,200,NA,11,2018
"DIELON03_HF",7,110,121,NA,156,NA,173,204,NA,11,2018
"DIELON03_HF",7,110,121,NA,156,NA,173,208,NA,11,2018
"DIELON02_HF",7,110,128,213,151,173,184,163,NA,18,2018
"DIELON02_HF",7,110,128,213,151,173,184,166,NA,18,2018
"DIELON02_HF",7,110,128,213,151,173,184,173,NA,18,2018
"DIELON02_HF",7,110,128,213,151,180,184,163,NA,18,2018
"DIELON02_HF",7,110,128,213,151,180,184,166,NA,18,2018
"DIELON02_HF",7,110,128,213,151,180,184,173,NA,18,2018
"DIELON02_HF",7,110,128,213,151,225,184,163,NA,18,2018
"DIELON02_HF",7,110,128,213,151,225,184,166,NA,18,2018
"DIELON02_HF",7,110,128,213,151,225,184,173,NA,18,2018
"DIELON02_HF",7,110,128,213,151,228,184,163,NA,18,2018
"DIELON02_HF",7,110,128,213,151,228,184,166,NA,18,2018
"DIELON02_HF",7,110,128,213,151,228,184,173,NA,18,2018
"ACESPI02_SH",7,110,138,NA,NA,NA,NA,NA,NA,28,2018
"SAMRAC07_GR_B",7,110,124,114,128,142,145,159,NA,14,2018
"SAMRAC07_GR_B",7,110,124,114,128,142,145,163,NA,14,2018
"SAMRAC07_GR_B",7,110,124,114,128,142,145,166,NA,14,2018
"VIBCAS05_GR",8,110,128,NA,NA,NA,NA,NA,NA,18,2018
"MYRGAL06_WM",8,110,124,NA,89,96,NA,NA,NA,14,2018
"MYRGAL06_WM",8,110,124,NA,89,107,NA,NA,NA,14,2018
"BETALL09_SH",9,110,128,NA,NA,NA,NA,NA,239,18,2018
"ALNINC09_HF",9,110,128,58,89,96,156,180,268,18,2018
"ALNINC09_HF",9,110,128,58,89,96,156,180,288,18,2018
"ALNINC09_HF",9,110,128,58,89,96,156,184,268,18,2018
"ALNINC09_HF",9,110,128,58,89,96,156,184,288,18,2018
"ALNINC09_HF",9,110,128,58,89,121,156,180,268,18,2018
"ALNINC09_HF",9,110,128,58,89,121,156,180,288,18,2018
"ALNINC09_HF",9,110,128,58,89,121,156,184,268,18,2018
"ALNINC09_HF",9,110,128,58,89,121,156,184,288,18,2018
"DIELON04_SH",10,110,135,NA,159,163,NA,NA,NA,25,2018
"SPIALB05_WM",11,110,124,166,184,200,204,NA,NA,14,2018
"VIBCAS09_WM",11,110,124,NA,NA,NA,NA,NA,NA,14,2018
"ALNINC06_SH",12,110,124,NA,58,82,151,180,263,14,2018
"ALNINC06_SH",12,110,124,NA,58,82,151,180,288,14,2018
"ALNINC06_SH",12,110,124,NA,58,82,151,184,263,14,2018
"ALNINC06_SH",12,110,124,NA,58,82,151,184,288,14,2018
"ALNINC06_SH",12,110,124,NA,58,82,151,187,263,14,2018
"ALNINC06_SH",12,110,124,NA,58,82,151,187,288,14,2018
"ALNINC06_SH",12,110,124,NA,58,82,151,191,263,14,2018
"ALNINC06_SH",12,110,124,NA,58,82,151,191,288,14,2018
"ALNINC06_SH",12,110,124,NA,58,82,151,194,263,14,2018
"ALNINC06_SH",12,110,124,NA,58,82,151,194,288,14,2018
"ACEPEN12_HF",12,110,131,128,135,NA,145,NA,NA,21,2018
"BETPOP05_GR",12,110,124,NA,NA,NA,NA,NA,253,14,2018
"BETPOP05_GR",12,110,124,NA,NA,NA,NA,NA,268,14,2018
"ALNINC8_HF",12,110,124,58,NA,82,151,184,274,14,2018
"ALNINC8_HF",12,110,124,58,NA,82,151,184,297,14,2018
"ALNINC8_HF",12,110,124,58,NA,82,151,187,274,14,2018
"ALNINC8_HF",12,110,124,58,NA,82,151,187,297,14,2018
"ALNINC8_HF",12,110,124,58,NA,82,151,191,274,14,2018
"ALNINC8_HF",12,110,124,58,NA,82,151,191,297,14,2018
"ALNINC8_HF",12,110,124,58,NA,82,151,194,274,14,2018
"ALNINC8_HF",12,110,124,58,NA,82,151,194,297,14,2018
"ALNINC8_HF",12,110,124,58,NA,82,151,197,274,14,2018
"ALNINC8_HF",12,110,124,58,NA,82,151,197,297,14,2018
"ALNINC8_HF",12,110,124,58,NA,82,151,200,274,14,2018
"ALNINC8_HF",12,110,124,58,NA,82,151,200,297,14,2018
"ALNINC8_HF",12,110,124,58,NA,121,151,184,274,14,2018
"ALNINC8_HF",12,110,124,58,NA,121,151,184,297,14,2018
"ALNINC8_HF",12,110,124,58,NA,121,151,187,274,14,2018
"ALNINC8_HF",12,110,124,58,NA,121,151,187,297,14,2018
"ALNINC8_HF",12,110,124,58,NA,121,151,191,274,14,2018
"ALNINC8_HF",12,110,124,58,NA,121,151,191,297,14,2018
"ALNINC8_HF",12,110,124,58,NA,121,151,194,274,14,2018
"ALNINC8_HF",12,110,124,58,NA,121,151,194,297,14,2018
"ALNINC8_HF",12,110,124,58,NA,121,151,197,274,14,2018
"ALNINC8_HF",12,110,124,58,NA,121,151,197,297,14,2018
"ALNINC8_HF",12,110,124,58,NA,121,151,200,274,14,2018
"ALNINC8_HF",12,110,124,58,NA,121,151,200,297,14,2018
"BETPAP16_HF",12,110,124,NA,NA,NA,NA,NA,274,14,2018
"BETALL08_WM",12,110,142,NA,NA,NA,NA,NA,268,32,2018
"BETPAP08_GR",12,110,124,NA,NA,NA,NA,NA,263,14,2018
"SORAME01_SH",13,110,131,128,156,163,166,200,NA,21,2018
"SORAME01_SH",13,110,131,128,156,163,166,204,NA,21,2018
"SORAME01_SH",13,110,131,128,156,163,166,208,NA,21,2018
"DIELON02_SH_A",13,110,124,142,156,NA,166,NA,NA,14,2018
"ALNINC4_SH",15,110,124,NA,NA,NA,NA,NA,274,14,2018
"ALNINC4_SH",15,110,124,NA,NA,NA,NA,NA,288,14,2018
"ALNINC09_HF",15,110,121,58,NA,82,151,180,246,11,2018
"ALNINC09_HF",15,110,121,58,NA,82,151,180,288,11,2018
"ALNINC09_HF",15,110,121,58,NA,82,151,184,246,11,2018
"ALNINC09_HF",15,110,121,58,NA,82,151,184,288,11,2018
"ALNINC09_HF",15,110,121,58,NA,82,151,187,246,11,2018
"ALNINC09_HF",15,110,121,58,NA,82,151,187,288,11,2018
"ALNINC09_HF",15,110,121,58,NA,82,151,191,246,11,2018
"ALNINC09_HF",15,110,121,58,NA,82,151,191,288,11,2018
"ALNINC09_HF",15,110,121,58,NA,82,151,194,246,11,2018
"ALNINC09_HF",15,110,121,58,NA,82,151,194,288,11,2018
"ALNINC09_HF",15,110,121,58,NA,82,151,197,246,11,2018
"ALNINC09_HF",15,110,121,58,NA,82,151,197,288,11,2018
"ALNINC09_HF",15,110,121,58,NA,82,151,200,246,11,2018
"ALNINC09_HF",15,110,121,58,NA,82,151,200,288,11,2018
"ALNINC09_HF",15,110,121,58,NA,121,151,180,246,11,2018
"ALNINC09_HF",15,110,121,58,NA,121,151,180,288,11,2018
"ALNINC09_HF",15,110,121,58,NA,121,151,184,246,11,2018
"ALNINC09_HF",15,110,121,58,NA,121,151,184,288,11,2018
"ALNINC09_HF",15,110,121,58,NA,121,151,187,246,11,2018
"ALNINC09_HF",15,110,121,58,NA,121,151,187,288,11,2018
"ALNINC09_HF",15,110,121,58,NA,121,151,191,246,11,2018
"ALNINC09_HF",15,110,121,58,NA,121,151,191,288,11,2018
"ALNINC09_HF",15,110,121,58,NA,121,151,194,246,11,2018
"ALNINC09_HF",15,110,121,58,NA,121,151,194,288,11,2018
"ALNINC09_HF",15,110,121,58,NA,121,151,197,246,11,2018
"ALNINC09_HF",15,110,121,58,NA,121,151,197,288,11,2018
"ALNINC09_HF",15,110,121,58,NA,121,151,200,246,11,2018
"ALNINC09_HF",15,110,121,58,NA,121,151,200,288,11,2018
"BETALL08_WM",1,114,138,NA,NA,NA,NA,NA,277,24,2018
"BETPOP03_H+A+9:9",1,114,124,NA,128,128,163,211,260,10,2018
"BETPOP03_H+A+9:9",1,114,124,NA,128,128,163,211,297,10,2018
"BETPOP03_H+A+9:9",1,114,124,NA,128,128,163,213,260,10,2018
"BETPOP03_H+A+9:9",1,114,124,NA,128,128,163,213,297,10,2018
"BETPOP03_H+A+9:9",1,114,124,NA,128,131,163,211,260,10,2018
"BETPOP03_H+A+9:9",1,114,124,NA,128,131,163,211,297,10,2018
"BETPOP03_H+A+9:9",1,114,124,NA,128,131,163,213,260,10,2018
"BETPOP03_H+A+9:9",1,114,124,NA,128,131,163,213,297,10,2018
"BETALL13_GR",1,114,128,NA,NA,NA,NA,NA,268,14,2018
"ALNINC05_WM",1,114,124,NA,NA,NA,NA,NA,281,10,2018
"ALNINC05_WM",1,114,124,NA,NA,NA,NA,NA,304,10,2018
"ALNINC01_WM",1,114,124,NA,NA,NA,NA,NA,274,10,2018
"ALNINC02_HF",1,114,124,NA,NA,NA,NA,187,297,10,2018
"ALNINC02_HF",1,114,124,NA,NA,NA,NA,191,297,10,2018
"ALNINC02_HF",1,114,124,NA,NA,NA,NA,194,297,10,2018
"ALNINC02_HF",1,114,124,NA,NA,NA,NA,197,297,10,2018
"ALNINC02_HF",1,114,124,NA,NA,NA,NA,200,297,10,2018
"ALNINC02_HF",1,114,124,NA,NA,NA,NA,204,297,10,2018
"ALNINC02_HF",1,114,124,NA,NA,NA,NA,208,297,10,2018
"ALNINC02_HF",1,114,124,NA,NA,NA,NA,211,297,10,2018
"ALNINC02_HF",1,114,124,NA,NA,NA,NA,151,297,10,2018
"ALNINC01_HF",1,114,128,89,NA,128,151,187,297,14,2018
"ALNINC01_HF",1,114,128,89,NA,128,151,191,297,14,2018
"ALNINC01_HF",1,114,128,89,NA,128,151,194,297,14,2018
"ALNINC01_HF",1,114,128,89,NA,128,151,197,297,14,2018
"ALNINC01_HF",1,114,128,89,NA,128,151,200,297,14,2018
"ALNINC01_HF",1,114,128,89,NA,128,151,208,297,14,2018
"ALNINC01_HF",1,114,128,89,NA,128,151,211,297,14,2018
"ALNINC01_HF",1,114,128,89,NA,128,151,151,297,14,2018
"BETALL12_GR",1,114,124,NA,NA,NA,NA,NA,268,10,2018
"BETPOP05_GR1",1,114,124,NA,NA,NA,NA,NA,239,10,2018
"BETPOP05_GR1",1,114,124,NA,NA,NA,NA,NA,260,10,2018
"ALNINC05_SH_A",2,114,124,116,NA,NA,NA,NA,253,10,2018
"ALNINC05_SH_A",2,114,124,116,NA,NA,NA,NA,277,10,2018
"BETALL13_GR",2,114,128,NA,NA,NA,NA,NA,263,14,2018
"ALNINC05_WM",2,114,128,NA,NA,NA,NA,NA,253,14,2018
"ALNINC05_WM",2,114,128,NA,NA,NA,NA,NA,297,14,2018
"BETALL09_GR",3,114,128,NA,NA,NA,NA,NA,263,14,2018
"BETALL12_GR",3,114,124,NA,NA,NA,NA,NA,281,10,2018
"ALNINC05_SH",3,114,124,NA,NA,89,151,180,274,10,2018
"ALNINC05_SH",3,114,124,NA,NA,89,151,180,288,10,2018
"ALNINC05_SH",3,114,124,NA,NA,89,151,184,274,10,2018
"ALNINC05_SH",3,114,124,NA,NA,89,151,184,288,10,2018
"ALNINC05_SH",3,114,124,NA,NA,89,151,187,274,10,2018
"ALNINC05_SH",3,114,124,NA,NA,89,151,187,288,10,2018
"ALNINC05_SH",3,114,124,NA,NA,89,151,191,274,10,2018
"ALNINC05_SH",3,114,124,NA,NA,89,151,191,288,10,2018
"ALNINC05_SH",3,114,124,NA,NA,89,151,194,274,10,2018
"ALNINC05_SH",3,114,124,NA,NA,89,151,194,288,10,2018
"ALNINC05_SH",3,114,124,NA,NA,89,151,197,274,10,2018
"ALNINC05_SH",3,114,124,NA,NA,89,151,197,288,10,2018
"ALNINC05_SH",3,114,124,NA,NA,89,151,200,274,10,2018
"ALNINC05_SH",3,114,124,NA,NA,89,151,200,288,10,2018
"ALNINC05_SH",3,114,124,NA,NA,89,151,204,274,10,2018
"ALNINC05_SH",3,114,124,NA,NA,89,151,204,288,10,2018
"ALNINC05_SH",3,114,124,NA,NA,89,151,208,274,10,2018
"ALNINC05_SH",3,114,124,NA,NA,89,151,208,288,10,2018
"ALNINC05_SH",3,114,124,NA,NA,89,151,211,274,10,2018
"ALNINC05_SH",3,114,124,NA,NA,89,151,211,288,10,2018
"ALNINC05_SH",3,114,124,NA,NA,89,151,156,274,10,2018
"ALNINC05_SH",3,114,124,NA,NA,89,151,156,288,10,2018
"BETALL01_GR",3,114,128,NA,NA,NA,NA,NA,253,14,2018
"BETPOP01_HF",3,114,124,NA,NA,NA,NA,NA,270,10,2018
"BETPOP01_HF",3,114,124,NA,NA,NA,NA,NA,304,10,2018
"BETPOPX_X",3,114,124,NA,NA,NA,NA,NA,268,10,2018
"BETPOPX_X",3,114,124,NA,NA,NA,NA,NA,304,10,2018
"MYRGAL01_SH_A",4,114,124,82,86,103,NA,NA,NA,10,2018
"MYRGAL01_SH_A",4,114,124,82,86,110,NA,NA,NA,10,2018
"MYRGAL02_SH",4,114,124,64,82,110,NA,NA,NA,10,2018
"MYRGAL02_SH",4,114,124,64,82,114,NA,NA,NA,10,2018
"MYRGAL01_SH",4,114,NA,NA,121,135,156,173,NA,NA,2018
"MYRGAL01_SH",4,114,NA,NA,121,135,156,177,NA,NA,2018
"MYRGAL06_WM_A",4,114,131,NA,NA,NA,NA,NA,NA,17,2018
"MYRGAL06_WM_B",4,114,124,NA,121,NA,NA,NA,NA,10,2018
"MYRGAL08_GR_C",4,114,124,NA,NA,NA,NA,NA,NA,10,2018
"MYRGAL08_GR_D",4,114,128,NA,NA,NA,NA,NA,NA,14,2018
"BETALL09_WM",5,114,131,NA,NA,NA,NA,NA,268,17,2018
"ALNINC08_GR-A",5,114,124,NA,NA,NA,NA,NA,263,10,2018
"QUERUB99_HF",5,114,131,NA,NA,NA,NA,NA,NA,17,2018
"BETALL09_SH",6,114,131,NA,NA,NA,NA,NA,239,17,2018
"ALNINC09_HF",6,114,124,NA,NA,NA,NA,NA,263,10,2018
"ALNINC09_HF",6,114,124,NA,NA,NA,NA,NA,297,10,2018
"VIBCAS04_WM",8,114,124,128,149,156,159,204,NA,10,2018
"VIBCAS04_WM",8,114,124,128,149,156,159,208,NA,10,2018
"MYRGAL01_SH",8,114,124,NA,89,103,NA,NA,NA,10,2018
"MYRGAL01_SH",8,114,124,NA,89,107,NA,NA,NA,10,2018
"BETALL09_WM",9,114,124,NA,NA,NA,NA,NA,235,10,2018
"BETPOP04_HF",9,114,124,NA,128,128,151,180,297,10,2018
"BETPOP04_HF",9,114,124,NA,128,128,151,184,297,10,2018
"BETPOP04_HF",9,114,124,NA,128,131,151,180,297,10,2018
"BETPOP04_HF",9,114,124,NA,128,131,151,184,297,10,2018
"SORAME03_SH",10,114,138,NA,NA,NA,NA,NA,221,24,2018
"SPITOM05_HF",11,114,142,177,194,211,213,170,NA,28,2018
"VACMYR05_WM",13,114,131,121,124,138,NA,NA,NA,17,2018
"VACMYR05_WM",13,114,131,121,124,145,NA,NA,NA,17,2018
"VACMYR10_GR",13,114,135,NA,135,NA,142,NA,NA,21,2018
"MYRGAL08_GR_A",4,116,131,NA,NA,NA,NA,NA,NA,15,2018
"MYRGAL08_GR_B",4,116,131,NA,NA,NA,NA,NA,NA,15,2018
"MYRGAL02_SH",8,116,124,89,93,114,NA,NA,NA,8,2018
"QUERUB09_WM",9,116,138,NA,NA,NA,NA,NA,232,22,2018
"SORAME03_SH_B",10,124,131,131,156,166,184,177,NA,7,2018
"{SORAME03_SH}",10,128,131,NA,NA,NA,NA,NA,NA,3,2018
"SPITOM06_HF",11,135,NA,204,208,211,213,NA,NA,NA,2018
"SAMRAC04_GR",7,NA,121,107,124,142,NA,159,NA,NA,2018
"SAMRAC04_GR",7,NA,121,107,124,142,NA,163,NA,NA,2018
"SAMRAC04_GR",7,NA,121,107,124,142,NA,166,NA,NA,2018
"SPIALB02_WM",11,NA,124,221,228,NA,246,NA,NA,NA,2018
"AROMEL05_WM",4,NA,135,NA,NA,NA,NA,NA,NA,NA,2018
"BETALL05_SH",9,NA,135,NA,NA,NA,NA,NA,232,NA,2018
"BETPAP09_GR",9,NA,135,NA,NA,NA,NA,NA,NA,NA,2018
"DIELON012_SH",10,NA,135,NA,NA,NA,NA,NA,NA,NA,2018
"DIELON01_HF",10,NA,135,NA,NA,NA,NA,NA,NA,NA,2018
"AROMEL08_HF",11,NA,135,NA,128,145,149,173,NA,NA,2018
"AROMEL08_HF",11,NA,135,NA,128,145,149,177,NA,NA,2018
"AROMEL08_HF",11,NA,135,NA,128,145,149,180,NA,NA,2018
"AROMEL08_HF",11,NA,135,NA,128,145,149,184,NA,NA,2018
"AROMEL08_HF",11,NA,135,NA,128,145,149,187,NA,NA,2018
"AROMEL08_HF",11,NA,135,NA,128,145,149,191,NA,NA,2018
"AROMEL08_HF",11,NA,135,NA,128,145,149,194,NA,NA,2018
"AROMEL08_HF",11,NA,135,NA,128,145,149,197,NA,NA,2018
"AROMEL08_HF",11,NA,135,NA,128,145,149,200,NA,NA,2018
"AROMEL12_HF",11,NA,135,NA,135,142,145,173,NA,NA,2018
"AROMEL12_HF",11,NA,135,NA,135,142,145,177,NA,NA,2018
"AROMEL12_HF",11,NA,135,NA,135,142,145,180,NA,NA,2018
"AROMEL12_HF",11,NA,135,NA,135,142,145,184,NA,NA,2018
"AROMEL12_HF",11,NA,135,NA,135,142,145,187,NA,NA,2018
"AROMEL12_HF",11,NA,135,NA,135,142,145,191,NA,NA,2018
"AROMEL12_HF",11,NA,135,NA,135,142,145,194,NA,NA,2018
"AROMEL12_HF",11,NA,135,NA,135,142,145,197,NA,NA,2018
"AROMEL12_HF",11,NA,135,NA,135,142,145,200,NA,NA,2018
"AROMEL12_HF",11,NA,135,NA,135,142,145,204,NA,NA,2018
"DIELON02_HF_B",13,NA,135,173,177,211,197,NA,NA,NA,2018
"DIELON02_HF_B",13,NA,135,173,177,225,197,NA,NA,NA,2018
"SORAME03_SH",13,NA,135,NA,NA,NA,NA,NA,NA,NA,2018
"DIELON__SH_04",13,NA,135,142,151,166,180,NA,NA,NA,2018
"BETALL14_GR",15,NA,135,NA,NA,NA,NA,NA,225,NA,2018
"BETALL14_GR",15,NA,135,NA,NA,NA,NA,NA,228,NA,2018
"BETALL14_GR",15,NA,135,NA,NA,NA,NA,NA,232,NA,2018
"MYRGAL06_WM",14,NA,135,NA,NA,NA,NA,NA,NA,NA,2018
"VIBCAS07_WM",14,NA,135,NA,NA,NA,NA,NA,NA,NA,2018
"SAMRAC04_GR",14,NA,135,NA,NA,NA,NA,NA,NA,NA,2018
"AROMEL02_WM",14,NA,135,NA,135,145,149,NA,NA,NA,2018
"VIBCAS07_HF",14,NA,135,NA,NA,NA,NA,NA,NA,NA,2018
"VIBCAS03_GR",14,NA,135,NA,NA,NA,NA,NA,NA,NA,2018
"AROMEL13_HF",14,NA,135,NA,135,NA,149,159,NA,NA,2018
"AROMEL13_HF",14,NA,135,NA,135,NA,149,163,NA,NA,2018
"AROMEL13_HF",14,NA,135,NA,135,NA,149,166,NA,NA,2018
"AROMEL13_HF",14,NA,135,NA,135,NA,149,170,NA,NA,2018
"AROMEL13_HF",14,NA,135,NA,135,NA,149,173,NA,NA,2018
"AROMEL13_HF",14,NA,135,NA,135,NA,149,177,NA,NA,2018
"AROMEL13_HF",14,NA,135,NA,135,NA,149,180,NA,NA,2018
"AROMEL13_HF",14,NA,135,NA,135,NA,149,184,NA,NA,2018
"AROMEL13_HF",14,NA,135,NA,135,NA,149,187,NA,NA,2018
"AROMEL13_HF",14,NA,135,NA,135,NA,149,191,NA,NA,2018
"AROMEL13_HF",14,NA,135,NA,135,NA,149,194,NA,NA,2018
"AROMEL13_HF",14,NA,135,NA,135,NA,149,197,NA,NA,2018
"AROMEL13_HF",14,NA,135,NA,135,NA,149,200,NA,NA,2018
"DIELON06_GR",14,NA,135,149,151,170,173,180,NA,NA,2018
"DIELON02_GR",14,NA,135,142,156,166,173,NA,NA,NA,2018
"DIELON02_GR",14,NA,135,142,156,219,173,NA,NA,NA,2018
"DIELON02_GR",14,NA,135,142,156,221,173,NA,NA,NA,2018
"AROMEL12_HF",14,NA,135,NA,135,145,149,180,NA,NA,2018
"AROMEL12_HF",14,NA,135,NA,135,145,149,184,NA,NA,2018
"AROMEL12_HF",14,NA,135,NA,135,145,149,187,NA,NA,2018
"AROMEL12_HF",14,NA,135,NA,135,145,149,191,NA,NA,2018
"AROMEL12_HF",14,NA,135,NA,135,145,149,194,NA,NA,2018
"AROMEL12_HF",14,NA,135,NA,135,145,149,197,NA,NA,2018
"AROMEL12_HF",14,NA,135,NA,135,145,149,200,NA,NA,2018
"AROMEL12_HF",14,NA,135,NA,135,145,149,204,NA,NA,2018
"AROMEL12_HF",14,NA,135,NA,135,145,149,208,NA,NA,2018
"MYRGAL99_SH",14,NA,135,NA,NA,NA,151,173,NA,NA,2018
"MYRGAL99_SH",14,NA,135,NA,NA,NA,151,177,NA,NA,2018
"MYRGAL99_SH",14,NA,135,NA,NA,NA,151,180,NA,NA,2018
"MYRGAL99_SH",14,NA,135,NA,NA,NA,151,184,NA,NA,2018
"SORAME09_GR",10,NA,138,NA,NA,NA,NA,NA,263,NA,2018
"QUEALB04_HF",15,NA,138,NA,NA,NA,NA,NA,NA,NA,2018
"SORAME03_SH",14,NA,138,NA,NA,NA,NA,NA,NA,NA,2018
"SAMRAC01_GR",10,NA,142,NA,NA,NA,NA,NA,NA,NA,2018
"VACMR10_GR",13,NA,142,NA,NA,NA,NA,NA,NA,NA,2018
"BETPOP08_WM",16,NA,142,NA,NA,NA,NA,NA,268,NA,2018
"QUEALB04_HF",16,NA,142,NA,NA,NA,NA,NA,NA,NA,2018
"QUEALB04_B",16,NA,142,NA,NA,NA,NA,NA,NA,NA,2018
"ALNINC05_WM",16,NA,142,NA,NA,NA,NA,NA,263,NA,2018
"ALNINC05_WM",16,NA,142,NA,NA,NA,NA,NA,288,NA,2018
"ALNINC08_GR",16,NA,142,NA,NA,NA,NA,NA,246,NA,2018
"BETPOP03_GR",16,NA,142,NA,NA,NA,NA,NA,NA,NA,2018
"ALNINC03_SH",16,NA,142,NA,NA,NA,NA,NA,274,NA,2018
"ALNINC03_SH",16,NA,142,NA,NA,NA,NA,NA,277,NA,2018
"BETALL07_SH",16,NA,142,NA,NA,NA,NA,NA,239,NA,2018
"ALNINC01_HF",16,NA,142,NA,NA,NA,NA,NA,263,NA,2018
"BETALL14_GR",16,NA,142,NA,NA,NA,NA,NA,225,NA,2018
"BETALL09_WM",16,NA,142,NA,NA,NA,NA,NA,NA,NA,2018
"ACEPEN12_HF",5,NA,151,135,142,149,151,NA,NA,NA,2018
"DIELON04_SH",14,NA,NA,191,197,NA,219,180,NA,NA,2018
