"date","maxTf","minTf","doy","maxTc","minTc","year","GDD_10"
2018-01-01,13.08,-2.22,1,-10.5111111111111,-19.0111111111111,"2018",0
2018-01-02,17.84,-1.74,2,-7.86666666666667,-18.7444444444444,"2018",0
2018-01-03,29.1,12.76,3,-1.61111111111111,-10.6888888888889,"2018",0
2018-01-04,28.99,19.53,4,-1.67222222222222,-6.92777777777778,"2018",0
2018-01-05,22.75,5.24,5,-5.13888888888889,-14.8666666666667,"2018",0
2018-01-06,11.68,0.4,6,-11.2888888888889,-17.5555555555556,"2018",0
2018-01-07,15.56,-4.64,7,-9.13333333333333,-20.3555555555556,"2018",0
2018-01-08,35.25,16.23,8,1.80555555555556,-8.76111111111111,"2018",0
2018-01-09,41.92,28.74,9,5.51111111111111,-1.81111111111111,"2018",0
2018-01-10,37.46,17.84,10,3.03333333333333,-7.86666666666667,"2018",0
2018-01-11,52.42,33.58,11,11.3444444444444,0.877777777777777,"2018",0.672222222222224
2018-01-12,61.98,46.48,12,16.6555555555556,8.04444444444444,"2018",4
2018-01-13,61.2,18.89,13,16.2222222222222,-7.28333333333333,"2018",7.11111111111111
2018-01-14,21.91,12.83,14,-5.60555555555556,-10.65,"2018",7.11111111111111
2018-01-15,20.22,11.23,15,-6.54444444444445,-11.5388888888889,"2018",7.11111111111111
2018-01-16,33.14,20.04,16,0.633333333333334,-6.64444444444444,"2018",7.11111111111111
2018-01-17,34.27,30.83,17,1.26111111111111,-0.650000000000001,"2018",7.11111111111111
2018-01-18,30.99,18.83,18,-0.561111111111112,-7.31666666666667,"2018",7.11111111111111
2018-01-19,34.17,19.93,19,1.20555555555556,-6.70555555555556,"2018",7.11111111111111
2018-01-20,46.98,28.74,20,8.32222222222222,-1.81111111111111,"2018",7.11111111111111
2018-01-21,48.94,30.88,21,9.41111111111111,-0.622222222222223,"2018",7.11111111111111
2018-01-22,38.75,34.12,22,3.75,1.17777777777778,"2018",7.11111111111111
2018-01-23,55.78,32.89,23,13.2111111111111,0.494444444444445,"2018",8.71666666666667
2018-01-24,39.64,24.77,24,4.24444444444445,-4.01666666666667,"2018",8.71666666666667
2018-01-25,29.25,19.58,25,-1.52777777777778,-6.9,"2018",8.71666666666667
2018-01-26,34.17,16.83,26,1.20555555555556,-8.42777777777778,"2018",8.71666666666667
2018-01-27,53.25,24.12,27,11.8055555555556,-4.37777777777778,"2018",9.61944444444445
2018-01-28,52.64,36.51,28,11.4666666666667,2.50555555555555,"2018",10.3527777777778
2018-01-29,40.53,26.48,29,4.73888888888889,-3.06666666666667,"2018",10.3527777777778
2018-01-30,30.94,19.53,30,-0.588888888888888,-6.92777777777778,"2018",10.3527777777778
2018-01-31,31.29,15.01,31,-0.394444444444445,-9.43888888888889,"2018",10.3527777777778
2018-02-01,47.15,29.2,32,8.41666666666667,-1.55555555555556,"2018",10.3527777777778
2018-02-02,35.98,10.64,33,2.21111111111111,-11.8666666666667,"2018",10.3527777777778
2018-02-03,27.43,7.42,34,-2.53888888888889,-13.6555555555556,"2018",10.3527777777778
2018-02-04,43.99,23.13,35,6.66111111111111,-4.92777777777778,"2018",10.3527777777778
2018-02-05,44.63,22.3,36,7.01666666666667,-5.38888888888889,"2018",10.3527777777778
2018-02-06,32.54,19.87,37,0.3,-6.73888888888889,"2018",10.3527777777778
2018-02-07,40.35,18.6,38,4.63888888888889,-7.44444444444444,"2018",10.3527777777778
2018-02-08,32.69,21.41,39,0.383333333333332,-5.88333333333333,"2018",10.3527777777778
2018-02-09,31.89,18.36,40,-0.0611111111111108,-7.57777777777778,"2018",10.3527777777778
2018-02-10,53.65,29.82,41,12.0277777777778,-1.21111111111111,"2018",11.3666666666667
2018-02-11,47.33,36.7,42,8.51666666666667,2.61111111111111,"2018",11.3666666666667
2018-02-12,44.95,29.41,43,7.19444444444445,-1.43888888888889,"2018",11.3666666666667
2018-02-13,31.99,23.46,44,-0.00555555555555642,-4.74444444444444,"2018",11.3666666666667
2018-02-14,47.83,25.42,45,8.79444444444444,-3.65555555555555,"2018",11.3666666666667
2018-02-15,49.78,36.17,46,9.87777777777778,2.31666666666667,"2018",11.3666666666667
2018-02-16,52.95,33.39,47,11.6388888888889,0.772222222222223,"2018",12.1861111111111
2018-02-17,36.99,25.58,48,2.77222222222222,-3.56666666666667,"2018",12.1861111111111
2018-02-18,44.49,26.59,49,6.93888888888889,-3.00555555555556,"2018",12.1861111111111
2018-02-19,49.78,23.13,50,9.87777777777778,-4.92777777777778,"2018",12.1861111111111
2018-02-20,71.36,50.66,51,21.8666666666667,10.3666666666667,"2018",18.3027777777778
2018-02-21,74.08,52.12,52,23.3777777777778,11.1777777777778,"2018",25.5805555555556
2018-02-22,54.6,31.44,53,12.5555555555556,-0.31111111111111,"2018",26.8583333333333
2018-02-23,41.69,28.84,54,5.38333333333333,-1.75555555555556,"2018",26.8583333333333
2018-02-24,54.73,36.22,55,12.6277777777778,2.34444444444444,"2018",28.1722222222222
2018-02-25,41.09,35.64,56,5.05,2.02222222222222,"2018",28.1722222222222
2018-02-26,50.71,36.27,57,10.3944444444444,2.37222222222222,"2018",28.3694444444445
2018-02-27,52.86,27.9,58,11.5888888888889,-2.27777777777778,"2018",29.1638888888889
2018-02-28,60.86,37.75,59,16.0333333333333,3.19444444444444,"2018",32.1805555555556
2018-03-01,62.06,38.75,60,16.7,3.75,"2018",35.5305555555556
2018-03-02,41.55,33.04,61,5.30555555555555,0.577777777777777,"2018",35.5305555555556
2018-03-03,43.35,36.84,62,6.30555555555556,2.68888888888889,"2018",35.5305555555556
2018-03-04,40.49,36.46,63,4.71666666666667,2.47777777777778,"2018",35.5305555555556
2018-03-05,43.63,30.63,64,6.46111111111111,-0.761111111111112,"2018",35.5305555555556
2018-03-06,35.73,31.44,65,2.07222222222222,-0.31111111111111,"2018",35.5305555555556
2018-03-07,37.13,32.14,66,2.85,0.0777777777777781,"2018",35.5305555555556
2018-03-08,37.89,30.02,67,3.27222222222222,-1.1,"2018",35.5305555555556
2018-03-09,37.08,27.33,68,2.82222222222222,-2.59444444444445,"2018",35.5305555555556
2018-03-10,40.3,30.88,69,4.61111111111111,-0.622222222222223,"2018",35.5305555555556
2018-03-11,44.04,29.2,70,6.68888888888889,-1.55555555555556,"2018",35.5305555555556
2018-03-12,41.23,26.38,71,5.12777777777778,-3.12222222222222,"2018",35.5305555555556
2018-03-13,37.75,27.85,72,3.19444444444444,-2.30555555555555,"2018",35.5305555555556
2018-03-14,41.04,26.54,73,5.02222222222222,-3.03333333333333,"2018",35.5305555555556
2018-03-15,43.94,31.09,74,6.63333333333333,-0.505555555555556,"2018",35.5305555555556
2018-03-16,37.8,26.59,75,3.22222222222222,-3.00555555555556,"2018",35.5305555555556
2018-03-17,41.65,19.87,76,5.36111111111111,-6.73888888888889,"2018",35.5305555555556
2018-03-18,33.24,13.71,77,0.68888888888889,-10.1611111111111,"2018",35.5305555555556
2018-03-19,37.32,17.48,78,2.95555555555556,-8.06666666666667,"2018",35.5305555555556
2018-03-20,42.29,22.08,79,5.71666666666667,-5.51111111111111,"2018",35.5305555555556
2018-03-21,38.51,30.43,80,3.61666666666667,-0.872222222222222,"2018",35.5305555555556
2018-03-22,42.52,31.54,81,5.84444444444445,-0.255555555555556,"2018",35.5305555555556
2018-03-23,45.04,30.83,82,7.24444444444444,-0.650000000000001,"2018",35.5305555555556
2018-03-24,46.53,34.52,83,8.07222222222222,1.4,"2018",35.5305555555556
2018-03-25,37.13,30.17,84,2.85,-1.01666666666667,"2018",35.5305555555556
2018-03-26,39.97,27.33,85,4.42777777777778,-2.59444444444445,"2018",35.5305555555556
2018-03-27,45.58,27.12,86,7.54444444444444,-2.71111111111111,"2018",35.5305555555556
2018-03-28,57.81,35.44,87,14.3388888888889,1.91111111111111,"2018",37.7
2018-03-29,54.65,34.17,88,12.5833333333333,1.20555555555556,"2018",38.9916666666667
2018-03-30,65.32,46.08,89,18.5111111111111,7.82222222222222,"2018",43.2472222222222
2018-03-31,58.28,38.13,90,14.6,3.40555555555556,"2018",45.5472222222222
2018-04-01,58.76,36.65,91,14.8666666666667,2.58333333333333,"2018",47.9805555555556
2018-04-02,40.44,30.33,92,4.68888888888889,-0.927777777777779,"2018",47.9805555555556
2018-04-03,47.91,28.68,93,8.83888888888889,-1.84444444444444,"2018",47.9805555555556
2018-04-04,57.38,38.27,94,14.1,3.48333333333334,"2018",50.0305555555556
2018-04-05,41.46,29.05,95,5.25555555555556,-1.63888888888889,"2018",50.0305555555556
2018-04-06,40.58,24.77,96,4.76666666666667,-4.01666666666667,"2018",50.0305555555556
2018-04-07,45.76,34.52,97,7.64444444444444,1.4,"2018",50.0305555555556
2018-04-08,43.63,31.19,98,6.46111111111111,-0.449999999999999,"2018",50.0305555555556
2018-04-09,45.94,28.22,99,7.74444444444444,-2.1,"2018",50.0305555555556
2018-04-10,40.53,30.68,100,4.73888888888889,-0.733333333333334,"2018",50.0305555555556
2018-04-11,49.12,28.11,101,9.51111111111111,-2.16111111111111,"2018",50.0305555555556
2018-04-12,58.97,32.34,102,14.9833333333333,0.188888888888891,"2018",52.5222222222222
2018-04-13,68.53,47.2,103,20.2944444444444,8.44444444444445,"2018",57.6694444444445
2018-04-14,52.2,38.18,104,11.2222222222222,3.43333333333333,"2018",58.2805555555556
2018-04-15,38.04,31.79,105,3.35555555555556,-0.116666666666667,"2018",58.2805555555556
2018-04-16,55.17,33.93,106,12.8722222222222,1.07222222222222,"2018",59.7166666666667
2018-04-17,49.74,40.06,107,9.85555555555556,4.47777777777778,"2018",59.7166666666667
2018-04-18,52.51,33.98,108,11.3944444444444,1.1,"2018",60.4138888888889
2018-04-19,42.48,35.15,109,5.82222222222222,1.75,"2018",60.4138888888889
2018-04-20,52.38,34.03,110,11.3222222222222,1.12777777777778,"2018",61.075
2018-04-21,59.06,35.83,111,15.0333333333333,2.12777777777778,"2018",63.5916666666667
2018-04-22,62.53,34.32,112,16.9611111111111,1.28888888888889,"2018",67.0722222222222
2018-04-23,60.73,34.32,113,15.9611111111111,1.28888888888889,"2018",70.0527777777778
2018-04-24,68.53,40.06,114,20.2944444444444,4.47777777777778,"2018",75.2
2018-04-25,60.17,48.98,115,15.65,9.43333333333333,"2018",78.025
2018-04-26,68.18,51.9,116,20.1,11.0555555555556,"2018",83.6027777777778
2018-04-27,61.33,44.4,117,16.2944444444444,6.88888888888889,"2018",86.75
2018-04-28,74.21,46.35,118,23.45,7.97222222222222,"2018",93.475
2018-04-29,60.56,42.62,119,15.8666666666667,5.9,"2018",96.4083333333334
2018-04-30,49.56,38.37,120,9.75555555555556,3.53888888888889,"2018",96.4083333333334
2018-05-01,67.67,41.04,121,19.8166666666667,5.02222222222222,"2018",101.316666666667
2018-05-02,90.15,56.12,122,32.3055555555556,13.4,"2018",114.169444444444
2018-05-03,90.61,64.29,123,32.5611111111111,17.9388888888889,"2018",129.419444444444
2018-05-04,82.84,68.27,124,28.2444444444444,20.15,"2018",143.616666666667
2018-05-05,75.2,57.07,125,24,13.9277777777778,"2018",152.580555555556
2018-05-06,66.26,50.58,126,19.0333333333333,10.3222222222222,"2018",157.258333333333
2018-05-07,62.88,47.42,127,17.1555555555556,8.56666666666667,"2018",160.836111111111
2018-05-08,70.93,45.35,128,21.6277777777778,7.41666666666667,"2018",166.65
2018-05-09,70.2,46.71,129,21.2222222222222,8.17222222222222,"2018",172.261111111111
2018-05-10,73.77,49.25,130,23.2055555555556,9.58333333333333,"2018",178.863888888889
2018-05-11,70.42,49.69,131,21.3444444444444,9.82777777777778,"2018",184.536111111111
2018-05-12,51.72,45.31,132,10.9555555555556,7.39444444444445,"2018",185.013888888889
2018-05-13,56.68,46.71,133,13.7111111111111,8.17222222222222,"2018",186.869444444445
2018-05-14,75.85,46.08,134,24.3611111111111,7.82222222222222,"2018",194.05
2018-05-15,84.9,56.94,135,29.3888888888889,13.8555555555556,"2018",205.672222222222
2018-05-16,58.41,50.58,136,14.6722222222222,10.3222222222222,"2018",208.169444444445
2018-05-17,76.42,51.9,137,24.6777777777778,11.0555555555556,"2018",216.036111111111
2018-05-18,64.29,41.18,138,17.9388888888889,5.1,"2018",220.005555555556
2018-05-19,54.69,39.36,139,12.6055555555556,4.08888888888889,"2018",221.308333333333
2018-05-20,78.65,52.9,140,25.9166666666667,11.6111111111111,"2018",230.072222222222
2018-05-21,78.73,49.07,141,25.9611111111111,9.48333333333333,"2018",238.052777777778
2018-05-22,66.81,52.03,142,19.3388888888889,11.1277777777778,"2018",243.286111111111
2018-05-23,84,53.34,143,28.8888888888889,11.8555555555556,"2018",253.658333333333
2018-05-24,72.48,50.44,144,22.4888888888889,10.2444444444444,"2018",260.025
2018-05-25,87.07,52.64,145,30.5944444444444,11.4666666666667,"2018",271.055555555556
2018-05-26,89.09,63.13,146,31.7166666666667,17.2944444444444,"2018",285.561111111111
2018-05-27,63.22,49.52,147,17.3444444444444,9.73333333333334,"2018",289.233333333333
2018-05-28,61.68,49.6,148,16.4888888888889,9.77777777777778,"2018",292.477777777778
2018-05-29,85.62,57.16,149,29.7888888888889,13.9777777777778,"2018",304.361111111111
2018-05-30,68.06,59.23,150,20.0333333333333,15.1277777777778,"2018",311.941666666667
2018-05-31,82.35,52.73,151,27.9722222222222,11.5166666666667,"2018",321.686111111111
2018-06-01,80.14,64.8,152,26.7444444444444,18.2222222222222,"2018",334.169444444445
2018-06-02,79.88,59.01,153,26.6,15.0055555555556,"2018",344.972222222222
2018-06-03,59.44,48.23,154,15.2444444444444,9.01666666666667,"2018",347.594444444445
2018-06-04,52.33,47.24,155,11.2944444444444,8.46666666666667,"2018",348.241666666667
2018-06-05,64.03,48.58,156,17.7944444444444,9.21111111111111,"2018",352.138888888889
2018-06-06,67.41,52.55,157,19.6722222222222,11.4166666666667,"2018",357.683333333334
2018-06-07,70.84,53.38,158,21.5777777777778,11.8777777777778,"2018",364.411111111111
2018-06-08,80.45,52.77,159,26.9166666666667,11.5388888888889,"2018",373.638888888889
2018-06-09,79.44,56.6,160,26.3555555555556,13.6666666666667,"2018",383.65
2018-06-10,72.74,54.04,161,22.6333333333333,12.2444444444444,"2018",391.088888888889
2018-06-11,66.43,52.51,162,19.1277777777778,11.3944444444444,"2018",396.35
2018-06-12,78.65,51.46,163,25.9166666666667,10.8111111111111,"2018",404.713888888889
2018-06-13,76.16,57.12,164,24.5333333333333,13.9555555555556,"2018",413.958333333333
2018-06-14,78.91,65.15,165,26.0611111111111,18.4166666666667,"2018",426.197222222222
2018-06-15,69.39,53.95,166,20.7722222222222,12.1944444444444,"2018",432.680555555556
2018-06-16,84.18,52.68,167,28.9888888888889,11.4888888888889,"2018",442.919444444445
2018-06-17,85.71,58.11,168,29.8388888888889,14.5055555555556,"2018",455.091666666667
2018-06-18,89.04,65.19,169,31.6888888888889,18.4388888888889,"2018",470.155555555556
2018-06-19,80.8,64.85,170,27.1111111111111,18.25,"2018",482.836111111111
2018-06-20,82.8,53.34,171,28.2222222222222,11.8555555555556,"2018",492.875
2018-06-21,81.29,58.63,172,27.3833333333333,14.7944444444444,"2018",503.963888888889
2018-06-22,75.68,56.73,173,24.2666666666667,13.7388888888889,"2018",512.966666666667
2018-06-23,63.39,55.82,174,17.4388888888889,13.2333333333333,"2018",518.302777777778
2018-06-24,80.49,56.86,175,26.9388888888889,13.8111111111111,"2018",528.677777777778
2018-06-25,71.45,52.82,176,21.9166666666667,11.5666666666667,"2018",535.419444444445
2018-06-26,80.27,51.15,177,26.8166666666667,10.6388888888889,"2018",544.147222222222
2018-06-27,78.78,60.52,178,25.9888888888889,15.8444444444444,"2018",555.063888888889
2018-06-28,74.64,64.37,179,23.6888888888889,17.9833333333333,"2018",565.9
2018-06-29,89.22,67.29,180,31.7888888888889,19.6055555555556,"2018",581.597222222222
2018-06-30,92.2,66.09,181,33.4444444444444,18.9388888888889,"2018",597.788888888889
2018-07-01,93.9,72.91,182,34.3888888888889,22.7277777777778,"2018",616.347222222222
2018-07-02,88.4,68.44,183,31.3333333333333,20.2444444444444,"2018",632.136111111111
2018-07-03,95.81,70.54,184,35.45,21.4111111111111,"2018",650.566666666667
2018-07-04,90.19,73.34,185,32.3277777777778,22.9666666666667,"2018",668.213888888889
2018-07-05,93.47,72.09,186,34.15,22.2722222222222,"2018",686.425
2018-07-06,84.27,63.9,187,29.0388888888889,17.7222222222222,"2018",699.805555555556
2018-07-07,79.92,52.95,188,26.6222222222222,11.6388888888889,"2018",708.936111111111
2018-07-08,83.56,54.6,189,28.6444444444444,12.5555555555556,"2018",719.536111111111
2018-07-09,90.01,60.6,190,32.2277777777778,15.8888888888889,"2018",733.594444444445
2018-07-10,93.33,64.59,191,34.0722222222222,18.1055555555556,"2018",749.683333333334
2018-07-11,79.22,59.44,192,26.2333333333333,15.2444444444444,"2018",760.422222222222
2018-07-12,76.46,55.91,193,24.7,13.2833333333333,"2018",769.413888888889
2018-07-13,85.4,59.79,194,29.6666666666667,15.4388888888889,"2018",781.966666666667
2018-07-14,79.74,58.02,195,26.5222222222222,14.4555555555556,"2018",792.455555555556
2018-07-15,84.99,67.29,196,29.4388888888889,19.6055555555556,"2018",806.977777777778
2018-07-16,80.98,65.06,197,27.2111111111111,18.3666666666667,"2018",819.766666666667
2018-07-17,90.47,68.31,198,32.4833333333333,20.1722222222222,"2018",836.094444444445
2018-07-18,81.55,61.85,199,27.5277777777778,16.5833333333333,"2018",848.15
2018-07-19,82.84,55.82,200,28.2444444444444,13.2333333333333,"2018",858.888888888889
2018-07-20,82.8,60.26,201,28.2222222222222,15.7,"2018",870.85
2018-07-21,74.12,56.12,202,23.4,13.4,"2018",879.25
2018-07-22,78.82,64.63,203,26.0111111111111,18.1277777777778,"2018",891.319444444445
2018-07-23,85.35,73.3,204,29.6388888888889,22.9444444444444,"2018",907.611111111111
2018-07-24,87.66,74.12,205,30.9222222222222,23.4,"2018",924.772222222223
2018-07-25,86.53,73.26,206,30.2944444444444,22.9222222222222,"2018",941.380555555556
2018-07-26,85.17,69.56,207,29.5388888888889,20.8666666666667,"2018",956.583333333334
2018-07-27,90.84,68.36,208,32.6888888888889,20.2,"2018",973.027777777778
2018-07-28,89.32,71.75,209,31.8444444444444,22.0833333333333,"2018",989.991666666667
2018-07-29,82.31,66,210,27.95,18.8888888888889,"2018",1003.41111111111
2018-07-30,83.87,60.56,211,28.8166666666667,15.8666666666667,"2018",1015.75277777778
2018-07-31,88.3,63.13,212,31.2777777777778,17.2944444444444,"2018",1030.03888888889
2018-08-01,84.5,64.25,213,29.1666666666667,17.9166666666667,"2018",1043.58055555556
2018-08-02,93.9,75.85,214,34.3888888888889,24.3611111111111,"2018",1062.95555555556
2018-08-03,89.5,75.68,215,31.9444444444444,24.2666666666667,"2018",1081.06111111111
2018-08-04,83.47,67.71,216,28.5944444444444,19.8388888888889,"2018",1095.27777777778
2018-08-05,91.64,65.49,217,33.1333333333333,18.6055555555556,"2018",1111.14722222222
2018-08-06,93.9,67.63,218,34.3888888888889,19.7944444444444,"2018",1128.23888888889
2018-08-07,93.38,73.82,219,34.1,23.2333333333333,"2018",1146.90555555556
2018-08-08,90.1,71.4,220,32.2777777777778,21.8888888888889,"2018",1163.98888888889
2018-08-09,86.71,71.4,221,30.3944444444444,21.8888888888889,"2018",1180.13055555556
2018-08-10,86.85,65.57,222,30.4722222222222,18.65,"2018",1194.69166666667
2018-08-11,73.34,66.81,223,22.9666666666667,19.3388888888889,"2018",1205.84444444445
2018-08-12,75.2,66.64,224,24,19.2444444444444,"2018",1217.46666666667
2018-08-13,70.93,66.6,225,21.6277777777778,19.2222222222222,"2018",1227.89166666667
2018-08-14,83.2,69.08,226,28.4444444444444,20.6,"2018",1242.41388888889
2018-08-15,87.89,69.47,227,31.05,20.8166666666667,"2018",1258.34722222222
2018-08-16,88.86,70.42,228,31.5888888888889,21.3444444444444,"2018",1274.81388888889
2018-08-17,79.88,65.87,229,26.6,18.8166666666667,"2018",1287.52222222222
2018-08-18,86.21,64.85,230,30.1166666666667,18.25,"2018",1301.70555555556
2018-08-19,71.23,65.15,231,21.7944444444444,18.4166666666667,"2018",1311.81111111111
2018-08-20,73.04,63.35,232,22.8,17.4166666666667,"2018",1321.91944444445
2018-08-21,70.29,62.45,233,21.2722222222222,16.9166666666667,"2018",1331.01388888889
2018-08-22,83.11,62.19,234,28.3944444444444,16.7722222222222,"2018",1343.59722222222
2018-08-23,77.16,57.85,235,25.0888888888889,14.3611111111111,"2018",1353.32222222222
2018-08-24,83.69,55.17,236,28.7166666666667,12.8722222222222,"2018",1364.11666666667
2018-08-25,84.36,62.96,237,29.0888888888889,17.2,"2018",1377.26111111111
2018-08-26,83.29,56.25,238,28.4944444444445,13.4722222222222,"2018",1388.24444444444
2018-08-27,87.89,68.27,239,31.05,20.15,"2018",1403.84444444444
2018-08-28,94.66,70.67,240,34.8111111111111,21.4833333333333,"2018",1421.99166666667
2018-08-29,95.76,77.03,241,35.4222222222222,25.0166666666667,"2018",1442.21111111111
2018-08-30,87.85,69.99,242,31.0277777777778,21.1055555555556,"2018",1458.27777777778
2018-08-31,71.19,56.9,243,21.7722222222222,13.8333333333333,"2018",1466.08055555556
2018-09-01,73.77,56.56,244,23.2055555555556,13.6444444444444,"2018",1474.50555555556
2018-09-02,85.8,58.67,245,29.8888888888889,14.8166666666667,"2018",1486.85833333333
2018-09-03,93.14,69.9,246,33.9666666666667,21.0555555555556,"2018",1504.36944444444
2018-09-04,87.07,72.78,247,30.5944444444444,22.6555555555556,"2018",1520.99444444444
2018-09-05,90.52,67.46,248,32.5111111111111,19.7,"2018",1537.1
2018-09-06,93.8,71.45,249,34.3333333333333,21.9166666666667,"2018",1555.225
2018-09-07,71.4,60.09,250,21.8888888888889,15.6055555555556,"2018",1563.97222222222
2018-09-08,68.91,56.25,251,20.5055555555556,13.4722222222222,"2018",1570.96111111111
2018-09-09,61.68,53.95,252,16.4888888888889,12.1944444444444,"2018",1575.30277777778
2018-09-10,64.8,59.44,253,18.2222222222222,15.2444444444444,"2018",1582.03611111111
2018-09-11,79.52,61.72,254,26.4,16.5111111111111,"2018",1593.49166666667
2018-09-12,68.83,64.29,255,20.4611111111111,17.9388888888889,"2018",1602.69166666667
2018-09-13,70.54,61.03,256,21.4111111111111,16.1277777777778,"2018",1611.46111111111
2018-09-14,75.16,59.44,257,23.9777777777778,15.2444444444444,"2018",1621.07222222222
2018-09-15,76.55,59.57,258,24.75,15.3166666666667,"2018",1631.10555555556
2018-09-16,87.35,58.71,259,30.75,14.8388888888889,"2018",1643.9
2018-09-17,82.62,65.57,260,28.1222222222222,18.65,"2018",1657.28611111111
2018-09-18,74.81,64.72,261,23.7833333333333,18.1777777777778,"2018",1668.26666666667
2018-09-19,68.53,60.22,262,20.2944444444444,15.6777777777778,"2018",1676.25277777778
2018-09-20,64.42,58.5,263,18.0111111111111,14.7222222222222,"2018",1682.61944444444
2018-09-21,71.62,55.47,264,22.0111111111111,13.0388888888889,"2018",1690.14444444444
2018-09-22,70.63,53.56,265,21.4611111111111,11.9777777777778,"2018",1696.86388888889
2018-09-23,61.85,46.08,266,16.5833333333333,7.82222222222222,"2018",1700.15555555556
2018-09-24,57.25,47.42,267,14.0277777777778,8.56666666666667,"2018",1702.16944444444
2018-09-25,69.17,53.78,268,20.65,12.1,"2018",1708.54444444444
2018-09-26,82.26,67.24,269,27.9222222222222,19.5777777777778,"2018",1722.29444444444
2018-09-27,68.06,58.93,270,20.0333333333333,14.9611111111111,"2018",1729.79166666667
2018-09-28,60.43,51.19,271,15.7944444444444,10.6611111111111,"2018",1733.01944444445
2018-09-29,72.78,49.21,272,22.6555555555556,9.56111111111111,"2018",1739.34722222222
2018-09-30,69.21,45.49,273,20.6722222222222,7.49444444444445,"2018",1744.68333333333
2018-10-01,66.26,50.84,274,19.0333333333333,10.4666666666667,"2018",1749.43333333333
2018-10-02,61.98,54.82,275,16.6555555555556,12.6777777777778,"2018",1754.1
2018-10-03,61.5,52.47,276,16.3888888888889,11.3722222222222,"2018",1757.98055555556
2018-10-04,71.27,56.6,277,21.8166666666667,13.6666666666667,"2018",1765.72222222222
2018-10-05,65.44,43.63,278,18.5777777777778,6.46111111111111,"2018",1770.01111111111
2018-10-06,63.39,43.4,279,17.4388888888889,6.33333333333333,"2018",1773.73055555556
2018-10-07,77.55,58.02,280,25.3055555555556,14.4555555555556,"2018",1783.61111111111
2018-10-08,58.54,54.17,281,14.7444444444444,12.3166666666667,"2018",1787.14166666667
2018-10-09,76.99,54.78,282,24.9944444444444,12.6555555555556,"2018",1795.96666666667
2018-10-10,83.96,66.13,283,28.8666666666667,18.9611111111111,"2018",1809.88055555556
2018-10-11,70.2,56.25,284,21.2222222222222,13.4722222222222,"2018",1817.22777777778
2018-10-12,61.59,45.71,285,16.4388888888889,7.61666666666667,"2018",1820.44722222222
2018-10-13,52.95,39.12,286,11.6388888888889,3.95555555555555,"2018",1821.26666666667
2018-10-14,58.28,37.18,287,14.6,2.87777777777778,"2018",1823.56666666667
2018-10-15,67.33,38.32,288,19.6277777777778,3.51111111111111,"2018",1828.38055555556
2018-10-16,67.33,41.83,289,19.6277777777778,5.46111111111111,"2018",1833.19444444444
2018-10-17,61.59,36.55,290,16.4388888888889,2.52777777777778,"2018",1836.41388888889
2018-10-18,46.44,32.94,291,8.02222222222222,0.522222222222221,"2018",1836.41388888889
2018-10-19,61.38,29.05,292,16.3222222222222,-1.63888888888889,"2018",1839.575
2018-10-20,63.39,42.39,293,17.4388888888889,5.77222222222222,"2018",1843.29444444444
2018-10-21,49.07,29.71,294,9.48333333333333,-1.27222222222222,"2018",1843.29444444444
2018-10-22,51.68,25.68,295,10.9333333333333,-3.51111111111111,"2018",1843.76111111111
2018-10-23,54.91,33.14,296,12.7277777777778,0.633333333333334,"2018",1845.125
2018-10-24,47.78,37.56,297,8.76666666666667,3.08888888888889,"2018",1845.125
2018-10-25,48.45,31.44,298,9.13888888888889,-0.31111111111111,"2018",1845.125
2018-10-26,47.47,25.09,299,8.59444444444444,-3.83888888888889,"2018",1845.125
2018-10-27,49.07,38.56,300,9.48333333333333,3.64444444444445,"2018",1845.125
2018-10-28,52.68,40.67,301,11.4888888888889,4.81666666666667,"2018",1845.86944444444
2018-10-29,57.12,39.69,302,13.9555555555556,4.27222222222222,"2018",1847.84722222222
2018-10-30,47.15,31.44,303,8.41666666666667,-0.31111111111111,"2018",1847.84722222222
2018-10-31,56.3,28.37,304,13.5,-2.01666666666667,"2018",1849.59722222222
2018-11-01,63.99,50.89,305,17.7722222222222,10.4944444444444,"2018",1853.73055555556
2018-11-02,67.84,51.06,306,19.9111111111111,10.5888888888889,"2018",1858.98055555556
2018-11-03,66,45.67,307,18.8888888888889,7.59444444444445,"2018",1863.425
2018-11-04,53.86,38.84,308,12.1444444444444,3.8,"2018",1864.49722222222
2018-11-05,50.66,38.13,309,10.3666666666667,3.40555555555556,"2018",1864.68055555556
2018-11-06,57.25,45.94,310,14.0277777777778,7.74444444444444,"2018",1866.69444444444
2018-11-07,63.22,48.32,311,17.3444444444444,9.06666666666667,"2018",1870.36666666667
2018-11-08,54.73,33.24,312,12.6277777777778,0.68888888888889,"2018",1871.68055555556
2018-11-09,48.98,30.38,313,9.43333333333333,-0.900000000000001,"2018",1871.68055555556
2018-11-10,47.51,33.83,314,8.61666666666667,1.01666666666667,"2018",1871.68055555556
2018-11-11,45.04,27.01,315,7.24444444444444,-2.77222222222222,"2018",1871.68055555556
2018-11-12,49.78,25.09,316,9.87777777777778,-3.83888888888889,"2018",1871.68055555556
2018-11-13,53.17,40.02,317,11.7611111111111,4.45555555555556,"2018",1872.56111111111
2018-11-14,39.55,22.36,318,4.19444444444444,-5.35555555555556,"2018",1872.56111111111
2018-11-15,32.34,20.96,319,0.188888888888891,-6.13333333333333,"2018",1872.56111111111
2018-11-16,42.16,32.34,320,5.64444444444444,0.188888888888891,"2018",1872.56111111111
2018-11-17,48.14,33.39,321,8.96666666666667,0.772222222222223,"2018",1872.56111111111
2018-11-18,41,33.63,322,5,0.905555555555557,"2018",1872.56111111111
2018-11-19,37.66,34.32,323,3.14444444444444,1.28888888888889,"2018",1872.56111111111
2018-11-20,39.12,31.14,324,3.95555555555555,-0.477777777777777,"2018",1872.56111111111
2018-11-21,41,21.35,325,5,-5.91666666666667,"2018",1872.56111111111
2018-11-22,20.78,11.48,326,-6.23333333333333,-11.4,"2018",1872.56111111111
2018-11-23,31.44,11.94,327,-0.31111111111111,-11.1444444444444,"2018",1872.56111111111
2018-11-24,45.31,26.75,328,7.39444444444445,-2.91666666666667,"2018",1872.56111111111
2018-11-25,46.44,39.5,329,8.02222222222222,4.16666666666667,"2018",1872.56111111111
2018-11-26,45.76,41.04,330,7.64444444444444,5.02222222222222,"2018",1872.56111111111
2018-11-27,46.08,34.96,331,7.82222222222222,1.64444444444445,"2018",1872.56111111111
2018-11-28,40.9,32.79,332,4.94444444444444,0.438888888888888,"2018",1872.56111111111
2018-11-29,43.72,32.14,333,6.51111111111111,0.0777777777777781,"2018",1872.56111111111
2018-11-30,42.98,26.22,334,6.1,-3.21111111111111,"2018",1872.56111111111
2018-12-01,44.54,29.2,335,6.96666666666667,-1.55555555555556,"2018",1872.56111111111
2018-12-02,49.16,36.7,336,9.53333333333333,2.61111111111111,"2018",1872.56111111111
2018-12-03,56.94,41.83,337,13.8555555555556,5.46111111111111,"2018",1874.48888888889
2018-12-04,41.55,23.79,338,5.30555555555555,-4.56111111111111,"2018",1874.48888888889
2018-12-05,34.47,18.54,339,1.37222222222222,-7.47777777777778,"2018",1874.48888888889
2018-12-06,38.51,25.58,340,3.61666666666667,-3.56666666666667,"2018",1874.48888888889
2018-12-07,37.75,23.24,341,3.19444444444444,-4.86666666666667,"2018",1874.48888888889
2018-12-08,28.74,16.59,342,-1.81111111111111,-8.56111111111111,"2018",1874.48888888889
2018-12-09,35.3,15.56,343,1.83333333333333,-9.13333333333333,"2018",1874.48888888889
2018-12-10,37.27,23.46,344,2.92777777777778,-4.74444444444444,"2018",1874.48888888889
2018-12-11,37.13,15.62,345,2.85,-9.1,"2018",1874.48888888889
2018-12-12,35.93,21.29,346,2.18333333333333,-5.95,"2018",1874.48888888889
2018-12-13,33.04,18.01,347,0.577777777777777,-7.77222222222222,"2018",1874.48888888889
2018-12-14,47.83,23.74,348,8.79444444444444,-4.58888888888889,"2018",1874.48888888889
2018-12-15,51.98,41.51,349,11.1,5.28333333333333,"2018",1875.03888888889
2018-12-16,42.57,38.79,350,5.87222222222222,3.77222222222222,"2018",1875.03888888889
2018-12-17,40.35,33.58,351,4.63888888888889,0.877777777777777,"2018",1875.03888888889
2018-12-18,36.65,22.25,352,2.58333333333333,-5.41666666666667,"2018",1875.03888888889
2018-12-19,40.49,20.22,353,4.71666666666667,-6.54444444444445,"2018",1875.03888888889
2018-12-20,49.16,28.01,354,9.53333333333333,-2.21666666666667,"2018",1875.03888888889
2018-12-21,64.37,42.66,355,17.9833333333333,5.92222222222222,"2018",1879.03055555556
2018-12-22,56.68,34.81,356,13.7111111111111,1.56111111111111,"2018",1880.88611111111
2018-12-23,40.2,28.63,357,4.55555555555556,-1.87222222222222,"2018",1880.88611111111
2018-12-24,36.02,29.1,358,2.23333333333334,-1.61111111111111,"2018",1880.88611111111
2018-12-25,37.7,25.31,359,3.16666666666667,-3.71666666666667,"2018",1880.88611111111
2018-12-26,38.7,22.19,360,3.72222222222222,-5.45,"2018",1880.88611111111
2018-12-27,37.03,28.48,361,2.79444444444445,-1.95555555555556,"2018",1880.88611111111
2018-12-28,55.17,30.68,362,12.8722222222222,-0.733333333333334,"2018",1882.32222222222
2018-12-29,54.3,31.64,363,12.3888888888889,-0.2,"2018",1883.51666666667
2018-12-30,35.44,24.39,364,1.91111111111111,-4.22777777777778,"2018",1883.51666666667
2018-12-31,43.03,26.01,365,6.12777777777778,-3.32777777777778,"2018",1883.51666666667
2019-01-01,57.63,32.04,1,14.2388888888889,0.0222222222222218,"2019",2.11944444444445
2019-01-02,36.17,26.59,2,2.31666666666667,-3.00555555555556,"2019",2.11944444444445
2019-01-03,43.76,28.89,3,6.53333333333333,-1.72777777777778,"2019",2.11944444444445
2019-01-04,45.22,32.29,4,7.34444444444444,0.161111111111111,"2019",2.11944444444445
2019-01-05,41.51,33.83,5,5.28333333333333,1.01666666666667,"2019",2.11944444444445
2019-01-06,44.36,23.3,6,6.86666666666667,-4.83333333333333,"2019",2.11944444444445
2019-01-07,29.1,16.47,7,-1.61111111111111,-8.62777777777778,"2019",2.11944444444445
2019-01-08,40.81,26.75,8,4.89444444444445,-2.91666666666667,"2019",2.11944444444445
2019-01-09,43.94,32.44,9,6.63333333333333,0.244444444444443,"2019",2.11944444444445
2019-01-10,33.88,22.8,10,1.04444444444445,-5.11111111111111,"2019",2.11944444444445
2019-01-11,27.22,14.33,11,-2.65555555555556,-9.81666666666667,"2019",2.11944444444445
2019-01-12,27.69,11.87,12,-2.39444444444444,-11.1833333333333,"2019",2.11944444444445
2019-01-13,28.16,13.33,13,-2.13333333333333,-10.3722222222222,"2019",2.11944444444445
2019-01-14,31.69,19.24,14,-0.172222222222222,-7.08888888888889,"2019",2.11944444444445
2019-01-15,36.65,15.92,15,2.58333333333333,-8.93333333333333,"2019",2.11944444444445
2019-01-16,36.7,19.24,16,2.61111111111111,-7.08888888888889,"2019",2.11944444444445
2019-01-17,29.97,15.38,17,-1.12777777777778,-9.23333333333333,"2019",2.11944444444445
2019-01-18,42.25,22.86,18,5.69444444444444,-5.07777777777778,"2019",2.11944444444445
2019-01-19,30.99,23.79,19,-0.561111111111112,-4.56111111111111,"2019",2.11944444444445
2019-01-20,34.17,5.95,20,1.20555555555556,-14.4722222222222,"2019",2.11944444444445
2019-01-21,5.81,0.79,21,-14.55,-17.3388888888889,"2019",2.11944444444445
2019-01-22,27.8,4.38,22,-2.33333333333333,-15.3444444444444,"2019",2.11944444444445
2019-01-23,48.18,14.08,23,8.98888888888889,-9.95555555555556,"2019",2.11944444444445
2019-01-24,58.24,34.52,24,14.5777777777778,1.4,"2019",4.40833333333333
2019-01-25,39.88,25.74,25,4.37777777777778,-3.47777777777778,"2019",4.40833333333333
2019-01-26,34.52,18.31,26,1.4,-7.60555555555556,"2019",4.40833333333333
2019-01-27,45.53,19.81,27,7.51666666666667,-6.77222222222222,"2019",4.40833333333333
2019-01-28,38.7,21.46,28,3.72222222222222,-5.85555555555556,"2019",4.40833333333333
2019-01-29,34.66,19.76,29,1.47777777777778,-6.8,"2019",4.40833333333333
2019-01-30,36.17,5.17,30,2.31666666666667,-14.9055555555556,"2019",4.40833333333333
2019-01-31,15.07,0.64,31,-9.40555555555556,-17.4222222222222,"2019",4.40833333333333
2019-02-01,20.61,6.16,32,-6.32777777777778,-14.3555555555556,"2019",4.40833333333333
2019-02-02,32.39,7.76,33,0.216666666666667,-13.4666666666667,"2019",4.40833333333333
2019-02-03,41.65,28.79,34,5.36111111111111,-1.78333333333333,"2019",4.40833333333333
2019-02-04,62.83,33.83,35,17.1277777777778,1.01666666666667,"2019",7.97222222222222
2019-02-05,63.52,40.2,36,17.5111111111111,4.55555555555556,"2019",11.7277777777778
2019-02-06,40.81,30.99,37,4.89444444444445,-0.561111111111112,"2019",11.7277777777778
2019-02-07,39.78,32.59,38,4.32222222222222,0.32777777777778,"2019",11.7277777777778
2019-02-08,54.43,28.37,39,12.4611111111111,-2.01666666666667,"2019",12.9583333333333
2019-02-09,33.14,22.36,40,0.633333333333334,-5.35555555555556,"2019",12.9583333333333
2019-02-10,34.61,20.04,41,1.45,-6.64444444444444,"2019",12.9583333333333
2019-02-11,36.12,23.35,42,2.28888888888889,-4.80555555555556,"2019",12.9583333333333
2019-02-12,35.44,15.62,43,1.91111111111111,-9.1,"2019",12.9583333333333
2019-02-13,41.83,28.99,44,5.46111111111111,-1.67222222222222,"2019",12.9583333333333
2019-02-14,39.03,27.01,45,3.90555555555556,-2.77222222222222,"2019",12.9583333333333
2019-02-15,50.58,28.01,46,10.3222222222222,-2.21666666666667,"2019",13.1194444444444
2019-02-16,45.4,28.42,47,7.44444444444444,-1.98888888888889,"2019",13.1194444444444
2019-02-17,37.56,20.39,48,3.08888888888889,-6.45,"2019",13.1194444444444
2019-02-18,31.09,18.89,49,-0.505555555555556,-7.28333333333333,"2019",13.1194444444444
2019-02-19,32.69,14.02,50,0.383333333333332,-9.98888888888889,"2019",13.1194444444444
2019-02-20,29.2,12.95,51,-1.55555555555556,-10.5833333333333,"2019",13.1194444444444
2019-02-21,46.75,23.68,52,8.19444444444444,-4.62222222222222,"2019",13.1194444444444
2019-02-22,44.72,29.56,53,7.06666666666667,-1.35555555555556,"2019",13.1194444444444
2019-02-23,40.58,24.23,54,4.76666666666667,-4.31666666666667,"2019",13.1194444444444
2019-02-24,46.3,32.24,55,7.94444444444444,0.133333333333334,"2019",13.1194444444444
2019-02-25,39.92,27.17,56,4.4,-2.68333333333333,"2019",13.1194444444444
2019-02-26,29.3,16.83,57,-1.5,-8.42777777777778,"2019",13.1194444444444
2019-02-27,24.07,10.25,58,-4.40555555555556,-12.0833333333333,"2019",13.1194444444444
2019-02-28,30.88,16.59,59,-0.622222222222223,-8.56111111111111,"2019",13.1194444444444
2019-03-01,40.06,17.06,60,4.47777777777778,-8.3,"2019",13.1194444444444
2019-03-02,32.84,27.8,61,0.466666666666669,-2.33333333333333,"2019",13.1194444444444
2019-03-03,43.03,25.31,62,6.12777777777778,-3.71666666666667,"2019",13.1194444444444
2019-03-04,39.03,22.08,63,3.90555555555556,-5.51111111111111,"2019",13.1194444444444
2019-03-05,30.73,15.62,64,-0.705555555555555,-9.1,"2019",13.1194444444444
2019-03-06,27.69,14.08,65,-2.39444444444444,-9.95555555555556,"2019",13.1194444444444
2019-03-07,27.9,8.37,66,-2.27777777777778,-13.1277777777778,"2019",13.1194444444444
2019-03-08,36.75,10.05,67,2.63888888888889,-12.1944444444444,"2019",13.1194444444444
2019-03-09,46.44,21.58,68,8.02222222222222,-5.78888888888889,"2019",13.1194444444444
2019-03-10,37.89,24.39,69,3.27222222222222,-4.22777777777778,"2019",13.1194444444444
2019-03-11,49.65,32.44,70,9.80555555555556,0.244444444444443,"2019",13.1194444444444
2019-03-12,43.63,30.48,71,6.46111111111111,-0.844444444444444,"2019",13.1194444444444
2019-03-13,44.67,23.41,72,7.03888888888889,-4.77222222222222,"2019",13.1194444444444
2019-03-14,51.15,33.14,73,10.6388888888889,0.633333333333334,"2019",13.4388888888889
2019-03-15,61.5,41.42,74,16.3888888888889,5.23333333333333,"2019",16.6333333333333
2019-03-16,52.9,34.32,75,11.6111111111111,1.28888888888889,"2019",17.4388888888889
2019-03-17,40.44,29.56,76,4.68888888888889,-1.35555555555556,"2019",17.4388888888889
2019-03-18,42.2,24.07,77,5.66666666666667,-4.40555555555556,"2019",17.4388888888889
2019-03-19,44.22,24.61,78,6.78888888888889,-4.10555555555556,"2019",17.4388888888889
2019-03-20,52.55,23.19,79,11.4166666666667,-4.89444444444444,"2019",18.1472222222222
2019-03-21,51.15,30.78,80,10.6388888888889,-0.677777777777777,"2019",18.4666666666667
2019-03-22,41.09,37.13,81,5.05,2.85,"2019",18.4666666666667
2019-03-23,47.11,30.83,82,8.39444444444444,-0.650000000000001,"2019",18.4666666666667
2019-03-24,57.76,27.8,83,14.3111111111111,-2.33333333333333,"2019",20.6222222222222
2019-03-25,49.52,30.58,84,9.73333333333334,-0.78888888888889,"2019",20.6222222222222
2019-03-26,43.81,28.22,85,6.56111111111111,-2.1,"2019",20.6222222222222
2019-03-27,42.11,25.47,86,5.61666666666667,-3.62777777777778,"2019",20.6222222222222
2019-03-28,52.68,28.89,87,11.4888888888889,-1.72777777777778,"2019",21.3666666666667
2019-03-29,56.12,41.88,88,13.4,5.48888888888889,"2019",23.0666666666667
2019-03-30,67.67,42.39,89,19.8166666666667,5.77222222222222,"2019",27.975
2019-03-31,68.14,38.65,90,20.0777777777778,3.69444444444444,"2019",33.0138888888889
2019-04-01,45.22,29.1,91,7.34444444444444,-1.61111111111111,"2019",33.0138888888889
2019-04-02,51.41,24.07,92,10.7833333333333,-4.40555555555556,"2019",33.4055555555556
2019-04-03,63.13,37.61,93,17.2944444444444,3.11666666666667,"2019",37.0527777777778
2019-04-04,50.27,37.8,94,10.15,3.22222222222222,"2019",37.1277777777778
2019-04-05,48.18,30.38,95,8.98888888888889,-0.900000000000001,"2019",37.1277777777778
2019-04-06,65.4,34.57,96,18.5555555555556,1.42777777777778,"2019",41.4055555555556
2019-04-07,66.94,36.89,97,19.4111111111111,2.71666666666667,"2019",46.1111111111111
2019-04-08,52.16,36.27,98,11.2,2.37222222222222,"2019",46.7111111111111
2019-04-09,41.23,33.68,99,5.12777777777778,0.933333333333333,"2019",46.7111111111111
2019-04-10,44.72,33.63,100,7.06666666666667,0.905555555555557,"2019",46.7111111111111
2019-04-11,52.73,32.14,101,11.5166666666667,0.0777777777777781,"2019",47.4694444444445
2019-04-12,54.95,36.84,102,12.75,2.68888888888889,"2019",48.8444444444445
2019-04-13,74.34,54.3,103,23.5222222222222,12.3888888888889,"2019",56.8
2019-04-14,68.18,51.15,104,20.1,10.6388888888889,"2019",62.1694444444445
2019-04-15,69.17,43.94,105,20.65,6.63333333333333,"2019",67.4944444444445
2019-04-16,59.74,40.86,106,15.4111111111111,4.92222222222222,"2019",70.2
2019-04-17,63,36.22,107,17.2222222222222,2.34444444444444,"2019",73.8111111111111
2019-04-18,59.92,36.99,108,15.5111111111111,2.77222222222222,"2019",76.5666666666667
2019-04-19,75.07,60.22,109,23.9277777777778,15.6777777777778,"2019",86.3694444444445
2019-04-20,70.5,61.16,110,21.3888888888889,16.2,"2019",95.1638888888889
2019-04-21,69.94,54.21,111,21.0777777777778,12.3388888888889,"2019",101.872222222222
2019-04-22,59.23,48.05,112,15.1277777777778,8.91666666666667,"2019",104.436111111111
2019-04-23,54.69,45.81,113,12.6055555555556,7.67222222222222,"2019",105.738888888889
2019-04-24,65.96,45.85,114,18.8666666666667,7.69444444444445,"2019",110.172222222222
2019-04-25,57.55,41.23,115,14.1944444444444,5.12777777777778,"2019",112.269444444444
2019-04-26,48.23,43.58,116,9.01666666666667,6.43333333333333,"2019",112.269444444444
2019-04-27,54.08,42.16,117,12.2666666666667,5.64444444444444,"2019",113.402777777778
2019-04-28,54.52,41.18,118,12.5111111111111,5.1,"2019",114.658333333333
2019-04-29,60.99,35.2,119,16.1055555555556,1.77777777777778,"2019",117.711111111111
2019-04-30,51.24,38.94,120,10.6888888888889,3.85555555555555,"2019",118.055555555556
2019-05-01,58.32,38.79,121,14.6222222222222,3.77222222222222,"2019",120.366666666667
2019-05-02,47.51,42.66,122,8.61666666666667,5.92222222222222,"2019",120.366666666667
2019-05-03,56.04,43.12,123,13.3555555555556,6.17777777777778,"2019",122.044444444444
2019-05-04,54.99,47.47,124,12.7722222222222,8.59444444444444,"2019",123.430555555556
2019-05-05,50.89,47.2,125,10.4944444444444,8.44444444444445,"2019",123.677777777778
2019-05-06,59.27,41.92,126,15.15,5.51111111111111,"2019",126.252777777778
2019-05-07,76.07,39.74,127,24.4833333333333,4.3,"2019",133.494444444444
2019-05-08,64.37,48,128,17.9833333333333,8.88888888888889,"2019",137.486111111111
2019-05-09,57.63,40.81,129,14.2388888888889,4.89444444444445,"2019",139.605555555556
2019-05-10,64.72,48.23,130,18.1777777777778,9.01666666666667,"2019",143.694444444445
2019-05-11,69.34,53.65,131,20.7444444444444,12.0277777777778,"2019",150.080555555556
2019-05-12,53.47,39.78,132,11.9277777777778,4.32222222222222,"2019",151.044444444445
2019-05-13,52.64,40.39,133,11.4666666666667,4.66111111111111,"2019",151.777777777778
2019-05-14,45.81,40.11,134,7.67222222222222,4.50555555555556,"2019",151.777777777778
2019-05-15,60.47,41.92,135,15.8166666666667,5.51111111111111,"2019",154.686111111111
2019-05-16,69.6,44.17,136,20.8888888888889,6.76111111111111,"2019",160.130555555556
2019-05-17,66.22,45.67,137,19.0111111111111,7.59444444444445,"2019",164.636111111111
2019-05-18,73.3,49.47,138,22.9444444444444,9.70555555555556,"2019",171.108333333333
2019-05-19,72.09,49.34,139,22.2722222222222,9.63333333333334,"2019",177.244444444445
2019-05-20,86.48,63.69,140,30.2666666666667,17.6055555555556,"2019",191.180555555556
2019-05-21,69.3,54.95,141,20.7222222222222,12.75,"2019",197.916666666667
2019-05-22,68.01,50.53,142,20.0055555555556,10.2944444444444,"2019",203.066666666667
2019-05-23,69.77,49.38,143,20.9833333333333,9.65555555555556,"2019",208.558333333333
2019-05-24,70.29,48.27,144,21.2722222222222,9.03888888888889,"2019",214.194444444445
2019-05-25,75.55,45.94,145,24.1944444444444,7.74444444444444,"2019",221.291666666667
2019-05-26,87.16,49.74,146,30.6444444444444,9.85555555555556,"2019",231.613888888889
2019-05-27,74.86,60.47,147,23.8111111111111,15.8166666666667,"2019",241.427777777778
2019-05-28,60.22,49.69,148,15.6777777777778,9.82777777777778,"2019",244.266666666667
2019-05-29,52.38,47.15,149,11.3222222222222,8.41666666666667,"2019",244.927777777778
2019-05-30,65.1,48.89,150,18.3888888888889,9.38333333333333,"2019",249.122222222222
2019-05-31,73.17,55.13,151,22.8722222222222,12.85,"2019",256.983333333333
2019-06-01,71.75,52.82,152,22.0833333333333,11.5666666666667,"2019",263.808333333333
2019-06-02,68.61,51.63,153,20.3388888888889,10.9055555555556,"2019",269.430555555556
2019-06-03,71.02,51.59,154,21.6777777777778,10.8833333333333,"2019",275.711111111111
2019-06-04,70.24,44.72,155,21.2444444444444,7.06666666666667,"2019",281.333333333333
2019-06-05,84.5,58.8,156,29.1666666666667,14.8888888888889,"2019",293.361111111111
2019-06-06,75.07,64.46,157,23.9277777777778,18.0333333333333,"2019",304.341666666667
2019-06-07,76.59,57.76,158,24.7722222222222,14.3111111111111,"2019",313.883333333333
2019-06-08,78.6,56.68,159,25.8888888888889,13.7111111111111,"2019",323.683333333333
2019-06-09,81.24,50.97,160,27.3555555555556,10.5388888888889,"2019",332.630555555556
2019-06-10,81.73,51.5,161,27.6277777777778,10.8333333333333,"2019",341.861111111111
2019-06-11,75.59,61.98,162,24.2166666666667,16.6555555555556,"2019",352.297222222222
2019-06-12,78.87,51.46,163,26.0388888888889,10.8111111111111,"2019",360.722222222222
2019-06-13,58.02,50.75,164,14.4555555555556,10.4166666666667,"2019",363.158333333334
2019-06-14,73.99,50.8,165,23.3277777777778,10.4444444444444,"2019",370.044444444445
2019-06-15,82.13,56.17,166,27.85,13.4277777777778,"2019",380.683333333334
2019-06-16,71.19,63.48,167,21.7722222222222,17.4888888888889,"2019",390.313888888889
2019-06-17,79.35,63.13,168,26.3055555555556,17.2944444444444,"2019",402.113888888889
2019-06-18,72.14,63.22,169,22.3,17.3444444444444,"2019",411.936111111111
2019-06-19,76.38,61.25,170,24.6555555555556,16.25,"2019",422.388888888889
2019-06-20,71.75,63.39,171,22.0833333333333,17.4388888888889,"2019",432.15
2019-06-21,71.45,59.36,172,21.9166666666667,15.2,"2019",440.708333333334
2019-06-22,79.48,57.33,173,26.3777777777778,14.0722222222222,"2019",450.933333333334
2019-06-23,85.35,57.16,174,29.6388888888889,13.9777777777778,"2019",462.741666666667
2019-06-24,85.53,59.06,175,29.7388888888889,15.0333333333333,"2019",475.127777777778
2019-06-25,75.77,58.07,176,24.3166666666667,14.4833333333333,"2019",484.527777777778
2019-06-26,76.46,62.32,177,24.7,16.8444444444444,"2019",495.3
2019-06-27,79.13,59.36,178,26.1833333333333,15.2,"2019",505.991666666667
2019-06-28,90.98,62.32,179,32.7666666666667,16.8444444444444,"2019",520.797222222223
2019-06-29,86.03,66.13,180,30.0166666666667,18.9611111111111,"2019",535.286111111111
2019-06-30,75.94,60.47,181,24.4111111111111,15.8166666666667,"2019",545.4
2019-07-01,84.77,59.36,182,29.3166666666667,15.2,"2019",557.658333333334
2019-07-02,85.67,65.19,183,29.8166666666667,18.4388888888889,"2019",571.786111111111
2019-07-03,90.66,63.86,184,32.5888888888889,17.7,"2019",586.930555555556
2019-07-04,87.89,65.79,185,31.05,18.7722222222222,"2019",601.841666666667
2019-07-05,89.73,65.32,186,32.0722222222222,18.5111111111111,"2019",617.133333333334
2019-07-06,92.81,71.4,187,33.7833333333333,21.8888888888889,"2019",634.969444444445
2019-07-07,81.55,62.15,188,27.5277777777778,16.75,"2019",647.108333333334
2019-07-08,80.18,60.26,189,26.7666666666667,15.7,"2019",658.341666666667
2019-07-09,87.44,59.06,190,30.8,15.0333333333333,"2019",671.258333333334
2019-07-10,90.7,62.45,191,32.6111111111111,16.9166666666667,"2019",686.022222222223
2019-07-11,84.09,65.44,192,28.9388888888889,18.5777777777778,"2019",699.780555555556
2019-07-12,87.21,69.21,193,30.6722222222222,20.6722222222222,"2019",715.452777777778
2019-07-13,87.71,66.69,194,30.95,19.2722222222222,"2019",730.563888888889
2019-07-14,90.19,69.56,195,32.3277777777778,20.8666666666667,"2019",747.161111111111
2019-07-15,84,65.02,196,28.8888888888889,18.3444444444444,"2019",760.777777777778
2019-07-16,87.66,60.17,197,30.9222222222222,15.65,"2019",774.063888888889
2019-07-17,92.2,70.76,198,33.4444444444444,21.5333333333333,"2019",791.552777777778
2019-07-18,73.82,61.8,199,23.2333333333333,16.5555555555556,"2019",801.447222222223
2019-07-19,91.92,61.55,200,33.2888888888889,16.4166666666667,"2019",816.3
2019-07-20,95.66,76.33,201,35.3666666666667,24.6277777777778,"2019",836.297222222223
2019-07-21,94.94,77.73,202,34.9666666666667,25.4055555555556,"2019",856.483333333334
2019-07-22,83.15,65.87,203,28.4166666666667,18.8166666666667,"2019",870.1
2019-07-23,69.6,60,204,20.8888888888889,15.5555555555556,"2019",878.322222222223
2019-07-24,79,62.1,205,26.1111111111111,16.7222222222222,"2019",889.738888888889
2019-07-25,79.7,60.78,206,26.5,15.9888888888889,"2019",900.983333333334
2019-07-26,84.41,60.22,207,29.1166666666667,15.6777777777778,"2019",913.380555555556
2019-07-27,85.76,63.6,208,29.8666666666667,17.5555555555556,"2019",927.091666666667
2019-07-28,92.1,64.46,209,33.3888888888889,18.0333333333333,"2019",942.802777777778
2019-07-29,92.24,71.32,210,33.4666666666667,21.8444444444444,"2019",960.458333333334
2019-07-30,94.42,71.49,211,34.6777777777778,21.9388888888889,"2019",978.766666666667
2019-07-31,93.47,69.43,212,34.15,20.7944444444444,"2019",996.238888888889
2019-08-01,86.94,64.33,213,30.5222222222222,17.9611111111111,"2019",1010.48055555556
2019-08-02,85.62,58.67,214,29.7888888888889,14.8166666666667,"2019",1022.78333333333
2019-08-03,86.62,65.87,215,30.3444444444444,18.8166666666667,"2019",1037.36388888889
2019-08-04,84.05,67.54,216,28.9166666666667,19.7444444444444,"2019",1051.69444444444
2019-08-05,83.87,56.51,217,28.8166666666667,13.6166666666667,"2019",1062.91111111111
2019-08-06,79.35,61.89,218,26.3055555555556,16.6055555555556,"2019",1074.36666666667
2019-08-07,84,65.96,219,28.8888888888889,18.8666666666667,"2019",1088.24444444444
2019-08-08,86.89,66.99,220,30.4944444444444,19.4388888888889,"2019",1103.21111111111
2019-08-09,85.26,62.06,221,29.5888888888889,16.7,"2019",1116.35555555556
2019-08-10,80.58,57.94,222,26.9888888888889,14.4111111111111,"2019",1127.05555555556
2019-08-11,79.79,54.08,223,26.55,12.2666666666667,"2019",1136.46388888889
2019-08-12,85.22,58.54,224,29.5666666666667,14.7444444444444,"2019",1148.61944444444
2019-08-13,78.12,69.39,225,25.6222222222222,20.7722222222222,"2019",1161.81666666667
2019-08-14,76.38,61.63,226,24.6555555555556,16.4611111111111,"2019",1172.375
2019-08-15,75.33,60,227,24.0722222222222,15.5555555555556,"2019",1182.18888888889
2019-08-16,75.59,59.57,228,24.2166666666667,15.3166666666667,"2019",1191.95555555556
2019-08-17,78.91,68.31,229,26.0611111111111,20.1722222222222,"2019",1205.07222222222
2019-08-18,87.48,69.26,230,30.8222222222222,20.7,"2019",1220.83333333333
2019-08-19,92.48,71.02,231,33.6,21.6777777777778,"2019",1238.47222222222
2019-08-20,89.59,65.57,232,31.9944444444444,18.65,"2019",1253.79444444444
2019-08-21,85.85,64.8,233,29.9166666666667,18.2222222222222,"2019",1267.86388888889
2019-08-22,90.84,68.48,234,32.6888888888889,20.2666666666667,"2019",1284.34166666667
2019-08-23,78.82,64.37,235,26.0111111111111,17.9833333333333,"2019",1296.33888888889
2019-08-24,71.88,55.86,236,22.1555555555556,13.2555555555556,"2019",1304.04444444444
2019-08-25,67.46,54.52,237,19.7,12.5111111111111,"2019",1310.15
2019-08-26,71.4,52.33,238,21.8888888888889,11.2944444444444,"2019",1316.74166666667
2019-08-27,77.55,49.38,239,25.3055555555556,9.65555555555556,"2019",1324.39444444444
2019-08-28,79.3,57.29,240,26.2777777777778,14.05,"2019",1334.55833333333
2019-08-29,84.81,64.97,241,29.3388888888889,18.3166666666667,"2019",1348.38611111111
2019-08-30,85.49,56.6,242,29.7166666666667,13.6666666666667,"2019",1360.07777777778
2019-08-31,78.87,58.67,243,26.0388888888889,14.8166666666667,"2019",1370.50555555556
2019-09-01,71.23,53.21,244,21.7944444444444,11.7833333333333,"2019",1377.29444444444
2019-09-02,77.12,57.42,245,25.0666666666667,14.1222222222222,"2019",1386.88888888889
2019-09-03,79.66,60.47,246,26.4777777777778,15.8166666666667,"2019",1398.03611111111
2019-09-04,84.72,61.33,247,29.2888888888889,16.2944444444444,"2019",1410.82777777778
2019-09-05,70.46,53.47,248,21.3666666666667,11.9277777777778,"2019",1417.475
2019-09-06,65.62,52.9,249,18.6777777777778,11.6111111111111,"2019",1422.61944444444
2019-09-07,73.17,52.29,250,22.8722222222222,11.2722222222222,"2019",1429.69166666667
2019-09-08,76.81,54.3,251,24.8944444444444,12.3888888888889,"2019",1438.33333333333
2019-09-09,73.3,50.71,252,22.9444444444444,10.3944444444444,"2019",1445.00277777778
2019-09-10,72.18,57.51,253,22.3222222222222,14.1722222222222,"2019",1453.25
2019-09-11,85.62,65.19,254,29.7888888888889,18.4388888888889,"2019",1467.36388888889
2019-09-12,70.46,51.55,255,21.3666666666667,10.8611111111111,"2019",1473.47777777778
2019-09-13,64.85,46.44,256,18.25,8.02222222222222,"2019",1477.60277777778
2019-09-14,69.47,43.67,257,20.8166666666667,6.48333333333333,"2019",1483.01111111111
2019-09-15,79.44,60.9,258,26.3555555555556,16.0555555555556,"2019",1494.21666666667
2019-09-16,72.95,52.2,259,22.75,11.2222222222222,"2019",1501.20277777778
2019-09-17,67.59,48.94,260,19.7722222222222,9.41111111111111,"2019",1506.08888888889
2019-09-18,61.55,44.4,261,16.4166666666667,6.88888888888889,"2019",1509.29722222222
2019-09-19,67.41,42.06,262,19.6722222222222,5.58888888888889,"2019",1514.13333333333
2019-09-20,79.88,43.12,263,26.6,6.17777777777778,"2019",1522.43333333333
2019-09-21,84.72,53.65,264,29.2888888888889,12.0277777777778,"2019",1533.09166666667
2019-09-22,86.21,56.77,265,30.1166666666667,13.7611111111111,"2019",1545.03055555556
2019-09-23,89.68,66.17,266,32.0444444444445,18.9833333333333,"2019",1560.54444444444
2019-09-24,79.08,59.49,267,26.1555555555556,15.2722222222222,"2019",1571.25833333333
2019-09-25,74.64,51.81,268,23.6888888888889,11.0055555555556,"2019",1578.60555555556
2019-09-26,81.69,52.25,269,27.6055555555556,11.25,"2019",1588.03333333333
2019-09-27,74.9,50.4,270,23.8333333333333,10.2222222222222,"2019",1595.06111111111
2019-09-28,80.01,53.52,271,26.6722222222222,11.9555555555556,"2019",1604.375
2019-09-29,74.6,56.94,272,23.6666666666667,13.8555555555556,"2019",1613.13611111111
2019-09-30,61.89,49.38,273,16.6055555555556,9.65555555555556,"2019",1616.43888888889
2019-10-01,70.93,53.99,274,21.6277777777778,12.2166666666667,"2019",1623.36111111111
2019-10-02,75.55,53.82,275,24.1944444444444,12.1222222222222,"2019",1631.51944444444
2019-10-03,53.82,47.65,276,12.1222222222222,8.69444444444444,"2019",1632.58055555556
2019-10-04,60,43.9,277,15.5555555555556,6.61111111111111,"2019",1635.35833333333
2019-10-05,60.35,36.46,278,15.75,2.47777777777778,"2019",1638.23333333333
2019-10-06,67.11,35.44,279,19.5055555555556,1.91111111111111,"2019",1642.98611111111
2019-10-07,78.51,58.41,280,25.8388888888889,14.6722222222222,"2019",1653.24166666667
2019-10-08,62.75,54.86,281,17.0833333333333,12.7,"2019",1658.13333333333
2019-10-09,58.15,52.29,282,14.5277777777778,11.2722222222222,"2019",1661.03333333333
2019-10-10,56.94,49.29,283,13.8555555555556,9.60555555555556,"2019",1662.96111111111
2019-10-11,55.69,50.18,284,13.1611111111111,10.1,"2019",1664.59166666667
2019-10-12,55.73,47.6,285,13.1833333333333,8.66666666666667,"2019",1666.18333333333
2019-10-13,69.56,46.35,286,20.8666666666667,7.97222222222222,"2019",1671.61666666667
2019-10-14,70.11,46.39,287,21.1722222222222,7.99444444444445,"2019",1677.20277777778
2019-10-15,62.4,40.9,288,16.8888888888889,4.94444444444444,"2019",1680.64722222222
2019-10-16,61.72,37.61,289,16.5111111111111,3.11666666666667,"2019",1683.90277777778
2019-10-17,60.99,49.34,290,16.1055555555556,9.63333333333334,"2019",1686.95555555556
2019-10-18,59.96,40.06,291,15.5333333333333,4.47777777777778,"2019",1689.72222222222
2019-10-19,60.69,35.1,292,15.9388888888889,1.72222222222222,"2019",1692.69166666667
2019-10-20,61.55,34.66,293,16.4166666666667,1.47777777777778,"2019",1695.9
2019-10-21,61.72,44.72,294,16.5111111111111,7.06666666666667,"2019",1699.15555555556
2019-10-22,58.11,43.9,295,14.5055555555556,6.61111111111111,"2019",1701.40833333333
2019-10-23,67.88,44.13,296,19.9333333333333,6.73888888888889,"2019",1706.375
2019-10-24,68.44,38.13,297,20.2444444444444,3.40555555555556,"2019",1711.49722222222
2019-10-25,64.93,44.76,298,18.2944444444444,7.08888888888889,"2019",1715.64444444444
2019-10-26,59.83,41.83,299,15.4611111111111,5.46111111111111,"2019",1718.375
2019-10-27,53.56,41.55,300,11.9777777777778,5.30555555555555,"2019",1719.36388888889
2019-10-28,52.64,47.83,301,11.4666666666667,8.79444444444444,"2019",1720.09722222222
2019-10-29,56.08,48.54,302,13.3777777777778,9.18888888888889,"2019",1721.78611111111
2019-10-30,67.24,51.37,303,19.5777777777778,10.7611111111111,"2019",1726.95555555556
2019-10-31,69.56,57.85,304,20.8666666666667,14.3611111111111,"2019",1734.56944444444
2019-11-01,69.99,38.65,305,21.1055555555556,3.69444444444444,"2019",1740.12222222222
2019-11-02,53.38,29.87,306,11.8777777777778,-1.18333333333333,"2019",1741.06111111111
2019-11-03,54.6,31.44,307,12.5555555555556,-0.31111111111111,"2019",1742.33888888889
2019-11-04,54.95,29.56,308,12.75,-1.35555555555556,"2019",1743.71388888889
2019-11-05,56.9,37.42,309,13.8333333333333,3.01111111111111,"2019",1745.63055555556
2019-11-06,53.56,31.99,310,11.9777777777778,-0.00555555555555642,"2019",1746.61944444444
2019-11-07,57.03,31.24,311,13.9055555555556,-0.422222222222223,"2019",1748.57222222222
2019-11-08,38.61,26.11,312,3.67222222222222,-3.27222222222222,"2019",1748.57222222222
2019-11-09,41,20.96,313,5,-6.13333333333333,"2019",1748.57222222222
2019-11-10,52.95,25.52,314,11.6388888888889,-3.6,"2019",1749.39166666667
2019-11-11,53.86,37.37,315,12.1444444444444,2.98333333333333,"2019",1750.46388888889
2019-11-12,42.02,22.47,316,5.56666666666667,-5.29444444444445,"2019",1750.46388888889
2019-11-13,31.69,16.71,317,-0.172222222222222,-8.49444444444444,"2019",1750.46388888889
2019-11-14,39.36,15.56,318,4.08888888888889,-9.13333333333333,"2019",1750.46388888889
2019-11-15,53.17,28.01,319,11.7611111111111,-2.21666666666667,"2019",1751.34444444444
2019-11-16,38.37,24.55,320,3.53888888888889,-4.13888888888889,"2019",1751.34444444444
2019-11-17,41.23,23.79,321,5.12777777777778,-4.56111111111111,"2019",1751.34444444444
2019-11-18,39.03,32.54,322,3.90555555555556,0.3,"2019",1751.34444444444
2019-11-19,44.63,37.99,323,7.01666666666667,3.32777777777778,"2019",1751.34444444444
2019-11-20,40.2,35.73,324,4.55555555555556,2.07222222222222,"2019",1751.34444444444
2019-11-21,48.32,32.59,325,9.06666666666667,0.32777777777778,"2019",1751.34444444444
2019-11-22,54.34,35.69,326,12.4111111111111,2.05,"2019",1752.55
2019-11-23,45.76,29.2,327,7.64444444444444,-1.55555555555556,"2019",1752.55
2019-11-24,45.17,35.64,328,7.31666666666667,2.02222222222222,"2019",1752.55
2019-11-25,52.82,37.42,329,11.5666666666667,3.01111111111111,"2019",1753.33333333333
2019-11-26,61.93,34.08,330,16.6277777777778,1.15555555555555,"2019",1756.64722222222
2019-11-27,50.89,34.61,331,10.4944444444444,1.45,"2019",1756.89444444444
2019-11-28,49.65,32.29,332,9.80555555555556,0.161111111111111,"2019",1756.89444444444
2019-11-29,40.58,28.58,333,4.76666666666667,-1.9,"2019",1756.89444444444
2019-11-30,37.51,23.19,334,3.06111111111111,-4.89444444444444,"2019",1756.89444444444
2019-12-01,34.03,17.3,335,1.12777777777778,-8.16666666666667,"2019",1756.89444444444
2019-12-02,38.51,26.85,336,3.61666666666667,-2.86111111111111,"2019",1756.89444444444
2019-12-03,32.19,23.96,337,0.105555555555554,-4.46666666666667,"2019",1756.89444444444
2019-12-04,36.94,24.07,338,2.74444444444444,-4.40555555555556,"2019",1756.89444444444
2019-12-05,43.76,28.84,339,6.53333333333333,-1.75555555555556,"2019",1756.89444444444
2019-12-06,36.22,22.91,340,2.34444444444444,-5.05,"2019",1756.89444444444
2019-12-07,34.32,16.83,341,1.28888888888889,-8.42777777777778,"2019",1756.89444444444
2019-12-08,37.56,13.14,342,3.08888888888889,-10.4777777777778,"2019",1756.89444444444
2019-12-09,58.32,37.85,343,14.6222222222222,3.25,"2019",1759.20555555555
2019-12-10,60.69,38.79,344,15.9388888888889,3.77222222222222,"2019",1762.175
2019-12-11,38.7,25.42,345,3.72222222222222,-3.65555555555555,"2019",1762.175
2019-12-12,31.24,20.22,346,-0.422222222222223,-6.54444444444445,"2019",1762.175
2019-12-13,44.67,20.16,347,7.03888888888889,-6.57777777777778,"2019",1762.175
2019-12-14,59.53,44.67,348,15.2944444444444,7.03888888888889,"2019",1764.82222222222
2019-12-15,52.07,31.14,349,11.15,-0.477777777777777,"2019",1765.39722222222
2019-12-16,32.44,26.75,350,0.244444444444443,-2.91666666666667,"2019",1765.39722222222
2019-12-17,35.54,24.77,351,1.96666666666667,-4.01666666666667,"2019",1765.39722222222
2019-12-18,36.65,21.18,352,2.58333333333333,-6.01111111111111,"2019",1765.39722222222
2019-12-19,23.13,11.1,353,-4.92777777777778,-11.6111111111111,"2019",1765.39722222222
2019-12-20,31.94,13.65,354,-0.0333333333333326,-10.1944444444444,"2019",1765.39722222222
2019-12-21,32.79,15.38,355,0.438888888888888,-9.23333333333333,"2019",1765.39722222222
2019-12-22,43.72,27.28,356,6.51111111111111,-2.62222222222222,"2019",1765.39722222222
2019-12-23,55.65,28.32,357,13.1388888888889,-2.04444444444444,"2019",1766.96666666667
2019-12-24,44.99,28.27,358,7.21666666666667,-2.07222222222222,"2019",1766.96666666667
2019-12-25,43.81,27.06,359,6.56111111111111,-2.74444444444445,"2019",1766.96666666667
2019-12-26,40.02,28.32,360,4.45555555555556,-2.04444444444444,"2019",1766.96666666667
2019-12-27,49.34,31.64,361,9.63333333333334,-0.2,"2019",1766.96666666667
2019-12-28,49.29,32.79,362,9.60555555555556,0.438888888888888,"2019",1766.96666666667
2019-12-29,44.45,28.27,363,6.91666666666667,-2.07222222222222,"2019",1766.96666666667
2019-12-30,37.7,33.53,364,3.16666666666667,0.850000000000001,"2019",1766.96666666667
2019-12-31,40.95,34.42,365,4.97222222222222,1.34444444444445,"2019",1766.96666666667
2020-01-01,40.3,32.29,1,4.61111111111111,0.161111111111111,"2020",0
2020-01-02,47.42,28.53,2,8.56666666666667,-1.92777777777778,"2020",0
2020-01-03,48.81,40.58,3,9.33888888888889,4.76666666666667,"2020",0
2020-01-04,44.76,36.89,4,7.08888888888889,2.71666666666667,"2020",0
2020-01-05,37.61,28.27,5,3.11666666666667,-2.07222222222222,"2020",0
2020-01-06,36.31,21.46,6,2.39444444444445,-5.85555555555556,"2020",0
2020-01-07,41.04,26.75,7,5.02222222222222,-2.91666666666667,"2020",0
2020-01-08,41.65,25.79,8,5.36111111111111,-3.45,"2020",0
2020-01-09,30.07,18.95,9,-1.07222222222222,-7.25,"2020",0
2020-01-10,51.28,23.68,10,10.7111111111111,-4.62222222222222,"2020",0.355555555555556
2020-01-11,67.63,47.56,11,19.7944444444444,8.64444444444445,"2020",5.25277777777778
2020-01-12,71.23,37.46,12,21.7944444444444,3.03333333333333,"2020",11.15
2020-01-13,39.74,33.14,13,4.3,0.633333333333334,"2020",11.15
2020-01-14,39.92,33.63,14,4.4,0.905555555555557,"2020",11.15
2020-01-15,48.98,30.33,15,9.43333333333333,-0.927777777777779,"2020",11.15
2020-01-16,44.22,26.8,16,6.78888888888889,-2.88888888888889,"2020",11.15
2020-01-17,26.54,12.26,17,-3.03333333333333,-10.9666666666667,"2020",11.15
2020-01-18,24.66,10.7,18,-4.07777777777778,-11.8333333333333,"2020",11.15
2020-01-19,44.36,20.5,19,6.86666666666667,-6.38888888888889,"2020",11.15
2020-01-20,28.68,14.95,20,-1.84444444444444,-9.47222222222222,"2020",11.15
2020-01-21,26.8,12.26,21,-2.88888888888889,-10.9666666666667,"2020",11.15
2020-01-22,37.99,11.42,22,3.32777777777778,-11.4333333333333,"2020",11.15
2020-01-23,48.58,18.01,23,9.21111111111111,-7.77222222222222,"2020",11.15
2020-01-24,46.03,27.75,24,7.79444444444445,-2.36111111111111,"2020",11.15
2020-01-25,51.24,38.56,25,10.6888888888889,3.64444444444445,"2020",11.4944444444444
2020-01-26,50.58,36.41,26,10.3222222222222,2.45,"2020",11.6555555555556
2020-01-27,45.67,34.86,27,7.59444444444445,1.58888888888889,"2020",11.6555555555556
2020-01-28,39.78,32.29,28,4.32222222222222,0.161111111111111,"2020",11.6555555555556
2020-01-29,39.74,25.63,29,4.3,-3.53888888888889,"2020",11.6555555555556
2020-01-30,37.27,17.95,30,2.92777777777778,-7.80555555555556,"2020",11.6555555555556
2020-01-31,44.95,21.58,31,7.19444444444445,-5.78888888888889,"2020",11.6555555555556
2020-02-01,39.22,28.11,32,4.01111111111111,-2.16111111111111,"2020",11.6555555555556
2020-02-02,42.2,28.06,33,5.66666666666667,-2.18888888888889,"2020",11.6555555555556
2020-02-03,46.66,25.79,34,8.14444444444444,-3.45,"2020",11.6555555555556
2020-02-04,47.2,28.79,35,8.44444444444445,-1.78333333333333,"2020",11.6555555555556
2020-02-05,41.97,29.82,36,5.53888888888889,-1.21111111111111,"2020",11.6555555555556
2020-02-06,38.37,30.48,37,3.53888888888889,-0.844444444444444,"2020",11.6555555555556
2020-02-07,54.56,26.64,38,12.5333333333333,-2.97777777777778,"2020",12.9222222222222
2020-02-08,34.66,21.46,39,1.47777777777778,-5.85555555555556,"2020",12.9222222222222
2020-02-09,36.02,15.38,40,2.23333333333334,-9.23333333333333,"2020",12.9222222222222
2020-02-10,44.08,35.69,41,6.71111111111111,2.05,"2020",12.9222222222222
2020-02-11,41.46,36.75,42,5.25555555555556,2.63888888888889,"2020",12.9222222222222
2020-02-12,44.26,33.63,43,6.81111111111111,0.905555555555557,"2020",12.9222222222222
2020-02-13,38.32,32.34,44,3.51111111111111,0.188888888888891,"2020",12.9222222222222
2020-02-14,36.31,10.38,45,2.39444444444445,-12.0111111111111,"2020",12.9222222222222
2020-02-15,30.07,6.58,46,-1.07222222222222,-14.1222222222222,"2020",12.9222222222222
2020-02-16,42.85,24.45,47,6.02777777777778,-4.19444444444444,"2020",12.9222222222222
2020-02-17,45.44,27.38,48,7.46666666666667,-2.56666666666667,"2020",12.9222222222222
2020-02-18,39.08,27.12,49,3.93333333333333,-2.71111111111111,"2020",12.9222222222222
2020-02-19,43.67,28.11,50,6.48333333333333,-2.16111111111111,"2020",12.9222222222222
2020-02-20,32.44,20.16,51,0.244444444444443,-6.57777777777778,"2020",12.9222222222222
2020-02-21,32.14,13.33,52,0.0777777777777781,-10.3722222222222,"2020",12.9222222222222
2020-02-22,46.12,23.46,53,7.84444444444444,-4.74444444444444,"2020",12.9222222222222
2020-02-23,55.65,26.22,54,13.1388888888889,-3.21111111111111,"2020",14.4916666666667
2020-02-24,63.48,31.09,55,17.4888888888889,-0.505555555555556,"2020",18.2361111111111
2020-02-25,53.38,41.83,56,11.8777777777778,5.46111111111111,"2020",19.175
2020-02-26,47.2,40.76,57,8.44444444444445,4.86666666666667,"2020",19.175
2020-02-27,51.28,29.66,58,10.7111111111111,-1.3,"2020",19.5305555555556
2020-02-28,38.61,26.96,59,3.67222222222222,-2.8,"2020",19.5305555555556
2020-02-29,36.6,21.07,60,2.55555555555556,-6.07222222222222,"2020",19.5305555555556
2020-03-01,34.12,17.78,61,1.17777777777778,-7.9,"2020",19.5305555555556
2020-03-02,54.86,20.39,62,12.7,-6.45,"2020",20.8805555555556
2020-03-03,66.94,46.21,63,19.4111111111111,7.89444444444445,"2020",25.5861111111111
2020-03-04,51.19,40.58,64,10.6611111111111,4.76666666666667,"2020",25.9166666666667
2020-03-05,53.47,32.24,65,11.9277777777778,0.133333333333334,"2020",26.8805555555556
2020-03-06,46.03,27.75,66,7.79444444444445,-2.36111111111111,"2020",26.8805555555556
2020-03-07,44.45,29.66,67,6.91666666666667,-1.3,"2020",26.8805555555556
2020-03-08,54.91,26.91,68,12.7277777777778,-2.82777777777778,"2020",28.2444444444444
2020-03-09,74.47,41.42,69,23.5944444444444,5.23333333333333,"2020",35.0416666666667
2020-03-10,69.04,44.76,70,20.5777777777778,7.08888888888889,"2020",40.3305555555556
2020-03-11,58.76,40.63,71,14.8666666666667,4.79444444444445,"2020",42.7638888888889
2020-03-12,44.58,30.58,72,6.98888888888889,-0.78888888888889,"2020",42.7638888888889
2020-03-13,62.58,39.78,73,16.9888888888889,4.32222222222222,"2020",46.2583333333333
2020-03-14,53.91,37.27,74,12.1722222222222,2.92777777777778,"2020",47.3444444444444
2020-03-15,48.05,31.79,75,8.91666666666667,-0.116666666666667,"2020",47.3444444444444
2020-03-16,34.61,24.77,76,1.45,-4.01666666666667,"2020",47.3444444444444
2020-03-17,45.44,29.82,77,7.46666666666667,-1.21111111111111,"2020",47.3444444444444
2020-03-18,55.52,30.78,78,13.0666666666667,-0.677777777777777,"2020",48.8777777777778
2020-03-19,42.34,39.08,79,5.74444444444445,3.93333333333333,"2020",48.8777777777778
2020-03-20,69.21,38.46,80,20.6722222222222,3.58888888888889,"2020",54.2138888888889
2020-03-21,60.47,33.24,81,15.8166666666667,0.68888888888889,"2020",57.1222222222222
2020-03-22,35.69,25.9,82,2.05,-3.38888888888889,"2020",57.1222222222222
2020-03-23,40.53,26.7,83,4.73888888888889,-2.94444444444445,"2020",57.1222222222222
2020-03-24,50.05,34.08,84,10.0277777777778,1.15555555555555,"2020",57.1361111111111
2020-03-25,43.58,37.08,85,6.43333333333333,2.82222222222222,"2020",57.1361111111111
2020-03-26,48.98,32.54,86,9.43333333333333,0.3,"2020",57.1361111111111
2020-03-27,62.79,41.69,87,17.1055555555556,5.38333333333333,"2020",60.6888888888889
2020-03-28,54.65,31.39,88,12.5833333333333,-0.338888888888889,"2020",61.9805555555556
2020-03-29,44.63,38.65,89,7.01666666666667,3.69444444444444,"2020",61.9805555555556
2020-03-30,43.03,36.46,90,6.12777777777778,2.47777777777778,"2020",61.9805555555556
2020-03-31,41,30.07,91,5,-1.07222222222222,"2020",61.9805555555556
2020-04-01,44.95,29.2,92,7.19444444444445,-1.55555555555556,"2020",61.9805555555556
2020-04-02,47.91,38.7,93,8.83888888888889,3.72222222222222,"2020",61.9805555555556
2020-04-03,44.49,39.69,94,6.93888888888889,4.27222222222222,"2020",61.9805555555556
2020-04-04,47.06,38.7,95,8.36666666666667,3.72222222222222,"2020",61.9805555555556
2020-04-05,59.57,38.94,96,15.3166666666667,3.85555555555555,"2020",64.6388888888889
2020-04-06,63.09,40.67,97,17.2722222222222,4.81666666666667,"2020",68.275
2020-04-07,64.2,43.17,98,17.8888888888889,6.20555555555556,"2020",72.2194444444444
2020-04-08,52.25,42.75,99,11.25,5.97222222222222,"2020",72.8444444444444
2020-04-09,48.45,40.39,100,9.13888888888889,4.66111111111111,"2020",72.8444444444444
2020-04-10,48.67,37.7,101,9.26111111111111,3.16666666666667,"2020",72.8444444444444
2020-04-11,53.38,35.69,102,11.8777777777778,2.05,"2020",73.7833333333333
2020-04-12,62.02,30.07,103,16.6777777777778,-1.07222222222222,"2020",77.1222222222222
2020-04-13,61.29,50.93,104,16.2722222222222,10.5166666666667,"2020",80.5166666666667
2020-04-14,59.74,45.17,105,15.4111111111111,7.31666666666667,"2020",83.2222222222222
2020-04-15,54.26,32.54,106,12.3666666666667,0.3,"2020",84.4055555555556
2020-04-16,47.42,31.74,107,8.56666666666667,-0.144444444444445,"2020",84.4055555555556
2020-04-17,50.8,31.34,108,10.4444444444444,-0.366666666666667,"2020",84.6277777777778
2020-04-18,43.63,32.14,109,6.46111111111111,0.0777777777777781,"2020",84.6277777777778
2020-04-19,62.83,30.88,110,17.1277777777778,-0.622222222222223,"2020",88.1916666666667
2020-04-20,50.53,32.69,111,10.2944444444444,0.383333333333332,"2020",88.3388888888889
2020-04-21,56.12,30.33,112,13.4,-0.927777777777779,"2020",90.0388888888889
2020-04-22,45.81,32.44,113,7.67222222222222,0.244444444444443,"2020",90.0388888888889
2020-04-23,56.6,29.25,114,13.6666666666667,-1.52777777777778,"2020",91.8722222222222
2020-04-24,44.81,35.59,115,7.11666666666667,1.99444444444445,"2020",91.8722222222222
2020-04-25,59.19,33.78,116,15.1055555555556,0.98888888888889,"2020",94.425
2020-04-26,49.38,39.78,117,9.65555555555556,4.32222222222222,"2020",94.425
2020-04-27,41.37,36.75,118,5.20555555555555,2.63888888888889,"2020",94.425
2020-04-28,49.12,37.32,119,9.51111111111111,2.95555555555556,"2020",94.425
2020-04-29,52.82,33.48,120,11.5666666666667,0.82222222222222,"2020",95.2083333333333
2020-04-30,54.65,44.54,121,12.5833333333333,6.96666666666667,"2020",96.5
2020-05-01,66.51,50.58,122,19.1722222222222,10.3222222222222,"2020",101.247222222222
2020-05-02,70.42,45.58,123,21.3444444444444,7.54444444444444,"2020",106.919444444444
2020-05-03,80.8,53.73,124,27.1111111111111,12.0722222222222,"2020",116.511111111111
2020-05-04,71.88,48.18,125,22.1555555555556,8.98888888888889,"2020",122.588888888889
2020-05-05,59.23,43.3,126,15.1277777777778,6.27777777777778,"2020",125.152777777778
2020-05-06,54.08,34.57,127,12.2666666666667,1.42777777777778,"2020",126.286111111111
2020-05-07,64.93,37.8,128,18.2944444444444,3.22222222222222,"2020",130.433333333333
2020-05-08,58.07,41.92,129,14.4833333333333,5.51111111111111,"2020",132.675
2020-05-09,45.31,34.57,130,7.39444444444445,1.42777777777778,"2020",132.675
2020-05-10,61.42,33.39,131,16.3444444444444,0.772222222222223,"2020",135.847222222222
2020-05-11,66.22,41.37,132,19.0111111111111,5.20555555555555,"2020",140.352777777778
2020-05-12,58.07,39.74,133,14.4833333333333,4.3,"2020",142.594444444444
2020-05-13,60.65,35.49,134,15.9166666666667,1.93888888888889,"2020",145.552777777778
2020-05-14,72.09,37.23,135,22.2722222222222,2.90555555555555,"2020",151.688888888889
2020-05-15,80.76,51.9,136,27.0888888888889,11.0555555555556,"2020",160.761111111111
2020-05-16,69.08,45.62,137,20.6,7.56666666666667,"2020",166.061111111111
2020-05-17,68.7,45.44,138,20.3888888888889,7.46666666666667,"2020",171.255555555556
2020-05-18,59.7,47.11,139,15.3888888888889,8.39444444444444,"2020",173.95
2020-05-19,55.34,43.53,140,12.9666666666667,6.40555555555556,"2020",175.433333333333
2020-05-20,60.95,39.92,141,16.0833333333333,4.4,"2020",178.475
2020-05-21,79.04,39.22,142,26.1333333333333,4.01111111111111,"2020",186.541666666667
2020-05-22,83.78,52.77,143,28.7666666666667,11.5388888888889,"2020",196.694444444444
2020-05-23,71.45,47.78,144,21.9166666666667,8.76666666666667,"2020",202.652777777778
2020-05-24,55.91,-888.88,145,13.2833333333333,-511.6,"2020",204.294444444444
2020-05-25,63.39,48.23,146,17.4388888888889,9.01666666666667,"2020",208.013888888889
2020-05-26,78.03,51.63,147,25.5722222222222,10.9055555555556,"2020",216.252777777778
2020-05-27,86.12,61.42,148,30.0666666666667,16.3444444444444,"2020",229.458333333333
2020-05-28,78.87,64.72,149,26.0388888888889,18.1777777777778,"2020",241.566666666667
2020-05-29,80.98,67.84,150,27.2111111111111,19.9111111111111,"2020",255.127777777778
2020-05-30,81.64,61.16,151,27.5777777777778,16.2,"2020",267.016666666667
2020-05-31,67.67,48.98,152,19.8166666666667,9.43333333333333,"2020",271.925
2020-06-01,65.62,41.46,153,18.6777777777778,5.25555555555556,"2020",276.263888888889
2020-06-02,74.38,41.51,154,23.5444444444444,5.28333333333333,"2020",283.036111111111
2020-06-03,82.44,54.69,155,28.0222222222222,12.6055555555556,"2020",293.35
2020-06-04,88.99,57.46,156,31.6611111111111,14.1444444444444,"2020",306.252777777778
2020-06-05,81.64,65.83,157,27.5777777777778,18.7944444444444,"2020",319.438888888889
2020-06-06,90.05,59.27,158,32.25,15.15,"2020",333.138888888889
2020-06-07,68.27,53.52,159,20.15,11.9555555555556,"2020",339.191666666667
2020-06-08,77.95,48.14,160,25.5277777777778,8.96666666666667,"2020",346.955555555556
2020-06-09,80.1,54.3,161,26.7222222222222,12.3888888888889,"2020",356.511111111111
2020-06-10,68.27,58.93,162,20.15,14.9611111111111,"2020",364.066666666667
2020-06-11,76.42,62.23,163,24.6777777777778,16.7944444444444,"2020",374.802777777778
2020-06-12,84.68,-888.88,164,29.2666666666667,-511.6,"2020",384.436111111111
2020-06-13,72.22,57.16,165,22.3444444444444,13.9777777777778,"2020",392.597222222222
2020-06-14,68.57,51.81,166,20.3166666666667,11.0055555555556,"2020",398.258333333333
2020-06-15,67.46,50.36,167,19.7,10.2,"2020",403.208333333333
2020-06-16,73.69,47.33,168,23.1611111111111,8.51666666666667,"2020",409.788888888889
2020-06-17,79.44,47.65,169,26.3555555555556,8.69444444444444,"2020",417.966666666667
2020-06-18,88.49,58.37,170,31.3833333333333,14.65,"2020",430.983333333333
2020-06-19,88.4,67.11,171,31.3333333333333,19.5055555555556,"2020",446.402777777778
2020-06-20,93.42,66.77,172,34.1222222222222,19.3166666666667,"2020",463.122222222222
2020-06-21,93.71,68.53,173,34.2833333333333,20.2944444444444,"2020",480.411111111111
2020-06-22,75.81,64.55,174,24.3388888888889,18.0833333333333,"2020",491.622222222222
2020-06-23,89.55,63.69,175,31.9722222222222,17.6055555555556,"2020",506.411111111111
2020-06-24,88.12,64.67,176,31.1777777777778,18.15,"2020",521.075
2020-06-25,86.89,59.92,177,30.4944444444444,15.5111111111111,"2020",534.077777777778
2020-06-26,88.08,63.82,178,31.1555555555556,17.6777777777778,"2020",548.494444444444
2020-06-27,87.39,61.16,179,30.7722222222222,16.2,"2020",561.980555555555
2020-06-28,87.85,61.85,180,31.0277777777778,16.5833333333333,"2020",575.786111111111
2020-06-29,74.34,62.88,181,23.5222222222222,17.1555555555556,"2020",586.125
2020-06-30,71.71,62.45,182,22.0611111111111,16.9166666666667,"2020",595.613888888889
2020-07-01,80.14,61.85,183,26.7444444444444,16.5833333333333,"2020",607.277777777778
2020-07-02,94.85,61.85,184,34.9166666666667,16.5833333333333,"2020",623.027777777778
2020-07-03,76.81,62.36,185,24.8944444444444,16.8666666666667,"2020",633.908333333333
2020-07-04,82.13,61.25,186,27.85,16.25,"2020",645.958333333333
2020-07-05,92.43,64.07,187,33.5722222222222,17.8166666666667,"2020",661.652777777778
2020-07-06,76.81,61.72,188,24.8944444444444,16.5111111111111,"2020",672.355555555555
2020-07-07,86.57,60.69,189,30.3166666666667,15.9388888888889,"2020",685.483333333333
2020-07-08,92.2,66.04,190,33.4444444444444,18.9111111111111,"2020",701.661111111111
2020-07-09,98.23,70.8,191,36.7944444444445,21.5555555555556,"2020",720.836111111111
2020-07-10,85.89,69.56,192,29.9388888888889,20.8666666666667,"2020",736.238888888889
2020-07-11,93.19,72.26,193,33.9944444444444,22.3666666666667,"2020",754.419444444444
2020-07-12,92.01,71.15,194,33.3388888888889,21.75,"2020",771.963888888889
2020-07-13,91.31,67.46,195,32.95,19.7,"2020",788.288888888889
2020-07-14,84.68,65.15,196,29.2666666666667,18.4166666666667,"2020",802.130555555556
2020-07-15,77.51,56.9,197,25.2833333333333,13.8333333333333,"2020",811.688888888889
2020-07-16,76.51,53.91,198,24.7277777777778,12.1722222222222,"2020",820.138888888889
2020-07-17,76.42,57.16,199,24.6777777777778,13.9777777777778,"2020",829.466666666667
2020-07-18,95.57,64.03,200,35.3166666666667,17.7944444444444,"2020",846.022222222222
2020-07-19,100.66,68.06,201,38.1444444444444,20.0333333333333,"2020",865.111111111111
2020-07-20,98.43,74.6,202,36.9055555555556,23.6666666666667,"2020",885.397222222222
2020-07-21,95.52,67.67,203,35.2888888888889,19.8166666666667,"2020",902.95
2020-07-22,86.98,66.47,204,30.5444444444444,19.15,"2020",917.797222222222
2020-07-23,92.95,67.24,205,33.8611111111111,19.5777777777778,"2020",934.516666666667
2020-07-24,84.99,64.55,206,29.4388888888889,18.0833333333333,"2020",948.277777777778
2020-07-25,98.72,63.3,207,37.0666666666667,17.3888888888889,"2020",965.505555555555
2020-07-26,96.34,70.59,208,35.7444444444444,21.4388888888889,"2020",984.097222222222
2020-07-27,101.16,72.26,209,38.4222222222222,22.3666666666667,"2020",1004.49166666667
2020-07-28,99.56,74.94,210,37.5333333333333,23.8555555555556,"2020",1025.18611111111
2020-07-29,97.45,64.93,211,36.3611111111111,18.2944444444444,"2020",1042.51388888889
2020-07-30,96.1,71.32,212,35.6111111111111,21.8444444444444,"2020",1061.24166666667
2020-07-31,88.9,65.74,213,31.6111111111111,18.7444444444444,"2020",1076.41944444444
2020-08-01,91.17,63.13,214,32.8722222222222,17.2944444444444,"2020",1091.50277777778
2020-08-02,93.42,69.43,215,34.1222222222222,20.7944444444444,"2020",1108.96111111111
2020-08-03,97.89,74.29,216,36.6055555555556,23.4944444444445,"2020",1129.01111111111
2020-08-04,87.89,72.78,217,31.05,22.6555555555556,"2020",1145.86388888889
2020-08-05,98.09,67.37,218,36.7166666666667,19.65,"2020",1164.04722222222
2020-08-06,90.29,58.93,219,32.3833333333333,14.9611111111111,"2020",1177.71944444444
2020-08-07,84.27,61.33,220,29.0388888888889,16.2944444444444,"2020",1190.38611111111
2020-08-08,91.22,64.25,221,32.9,17.9166666666667,"2020",1205.79444444444
2020-08-09,98.14,66.9,222,36.7444444444444,19.3888888888889,"2020",1223.86111111111
2020-08-10,101.41,69.73,223,38.5611111111111,20.9611111111111,"2020",1243.62222222222
2020-08-11,100.71,72.44,224,38.1722222222222,22.4666666666667,"2020",1263.94166666667
2020-08-12,100.46,72.57,225,38.0333333333333,22.5388888888889,"2020",1284.22777777778
2020-08-13,92.39,67.33,226,33.55,19.6277777777778,"2020",1300.81666666667
2020-08-14,88.58,63.82,227,31.4333333333333,17.6777777777778,"2020",1315.37222222222
2020-08-15,71.66,63.95,228,22.0333333333333,17.75,"2020",1325.26388888889
2020-08-16,72.01,63.26,229,22.2277777777778,17.3666666666667,"2020",1335.06111111111
2020-08-17,79,61.29,230,26.1111111111111,16.2722222222222,"2020",1346.25277777778
2020-08-18,90.01,59.62,231,32.2277777777778,15.3444444444444,"2020",1360.03888888889
2020-08-19,87.44,54.04,232,30.8,12.2444444444444,"2020",1371.56111111111
2020-08-20,85.94,52.42,233,29.9666666666667,11.3444444444444,"2020",1382.21666666667
2020-08-21,94.61,58.76,234,34.7833333333333,14.8666666666667,"2020",1397.04166666667
2020-08-22,93.33,64.5,235,34.0722222222222,18.0555555555556,"2020",1413.10555555556
2020-08-23,98.33,62.06,236,36.85,16.7,"2020",1429.88055555556
2020-08-24,97.16,64.25,237,36.2,17.9166666666667,"2020",1446.93888888889
2020-08-25,73.3,70.93,238,22.9444444444444,21.6277777777778,"2020",1459.225
2020-08-26,76.3,58.5,239,24.6111111111111,14.7222222222222,"2020",1468.89166666667
2020-08-27,69.3,57.2,240,20.7222222222222,14,"2020",1476.25277777778
2020-08-28,81.7,59.4,241,27.6111111111111,15.2222222222222,"2020",1487.66944444444
2020-08-29,77.5,61.9,242,25.2777777777778,16.6111111111111,"2020",1498.61388888889
2020-08-30,75.9,55.4,243,24.3888888888889,13,"2020",1507.30833333333
2020-08-31,76.6,50.4,244,24.7777777777778,10.2222222222222,"2020",1514.80833333333
2020-09-01,78.1,55.4,245,25.6111111111111,13,"2020",1524.11388888889
2020-09-02,70.9,59.7,246,21.6111111111111,15.3888888888889,"2020",1532.61388888889
2020-09-03,76.8,67.5,247,24.8888888888889,19.7222222222222,"2020",1544.91944444444
2020-09-04,84.2,65.7,248,29,18.7222222222222,"2020",1558.78055555556
2020-09-05,77,53.6,249,25,12,"2020",1567.28055555556
2020-09-06,79.2,58.5,250,26.2222222222222,14.7222222222222,"2020",1577.75277777778
2020-09-07,82,62.1,251,27.7777777777778,16.7222222222222,"2020",1590.00277777778
2020-09-08,86.5,60.8,252,30.2777777777778,16,"2020",1603.14166666667
2020-09-09,83.1,62.6,253,28.3888888888889,17,"2020",1615.83611111111
2020-09-10,84.6,70.2,254,29.2222222222222,21.2222222222222,"2020",1631.05833333333
2020-09-11,73.2,53.2,255,22.8888888888889,11.7777777777778,"2020",1638.39166666667
2020-09-12,66.9,51.8,256,19.3888888888889,11,"2020",1643.58611111111
2020-09-13,75.9,48.2,257,24.3888888888889,9,"2020",1650.78055555555
2020-09-14,75.9,55.8,258,24.3888888888889,13.2222222222222,"2020",1659.58611111111
2020-09-15,66.6,45.9,259,19.2222222222222,7.72222222222222,"2020",1664.19722222222
2020-09-16,74.3,49.8,260,23.5,9.88888888888889,"2020",1670.94722222222
2020-09-17,77.5,57.9,261,25.2777777777778,14.3888888888889,"2020",1680.78055555555
2020-09-18,65.3,54.1,262,18.5,12.2777777777778,"2020",1686.16944444444
2020-09-19,61.5,43.9,263,16.3888888888889,6.61111111111111,"2020",1689.36388888889
2020-09-20,58.5,41.9,264,14.7222222222222,5.5,"2020",1691.725
2020-09-21,61.5,41.4,265,16.3888888888889,5.22222222222222,"2020",1694.91944444444
2020-09-22,65.7,40.8,266,18.7222222222222,4.88888888888889,"2020",1699.28055555555
2020-09-23,79.5,51.8,267,26.3888888888889,11,"2020",1707.975
2020-09-24,78.1,55,268,25.6111111111111,12.7777777777778,"2020",1717.16944444444
2020-09-25,76.3,54.5,269,24.6111111111111,12.5,"2020",1725.725
2020-09-26,79.7,57.4,270,26.5,14.1111111111111,"2020",1736.03055555555
2020-09-27,79.3,65.7,271,26.2777777777778,18.7222222222222,"2020",1748.53055555555
2020-09-28,79.7,66,272,26.5,18.8888888888889,"2020",1761.225
2020-09-29,79.2,62.6,273,26.2222222222222,17,"2020",1772.83611111111
2020-09-30,73.6,57.9,274,23.1111111111111,14.3888888888889,"2020",1781.58611111111
2020-10-01,74.8,55.6,275,23.7777777777778,13.1111111111111,"2020",1790.03055555555
2020-10-02,62.8,46.6,276,17.1111111111111,8.11111111111111,"2020",1793.58611111111
2020-10-03,68.2,43.3,277,20.1111111111111,6.27777777777778,"2020",1798.64166666667
2020-10-04,66.6,41.2,278,19.2222222222222,5.11111111111111,"2020",1803.25277777778
2020-10-05,63,48.7,279,17.2222222222222,9.27777777777778,"2020",1806.86388888889
2020-10-06,70.5,46.4,280,21.3888888888889,8,"2020",1812.55833333333
2020-10-07,75.2,52,281,24,11.1111111111111,"2020",1820.11388888889
2020-10-08,61.9,48.2,282,16.6111111111111,9,"2020",1823.41944444444
2020-10-09,60.8,37.4,283,16,3,"2020",1826.41944444444
2020-10-10,77.2,53.8,284,25.1111111111111,12.1111111111111,"2020",1835.03055555555
2020-10-11,66.4,50.5,285,19.1111111111111,10.2777777777778,"2020",1839.725
2020-10-12,54,50.5,286,12.2222222222222,10.2777777777778,"2020",1840.975
2020-10-13,58.5,50.7,287,14.7222222222222,10.3888888888889,"2020",1843.53055555555
2020-10-14,69.8,49.3,288,21,9.61111111111111,"2020",1849.03055555555
2020-10-15,72.9,44.4,289,22.7222222222222,6.88888888888889,"2020",1855.39166666667
2020-10-16,70.3,51.8,290,21.2777777777778,11,"2020",1861.53055555555
2020-10-17,57.7,39,291,14.2777777777778,3.88888888888889,"2020",1863.66944444444
2020-10-18,60.6,33.3,292,15.8888888888889,0.722222222222221,"2020",1866.61388888889
2020-10-19,62.4,37.4,293,16.8888888888889,3,"2020",1870.05833333333
2020-10-20,68.2,46.9,294,20.1111111111111,8.27777777777778,"2020",1875.11388888889
2020-10-21,70.3,57,295,21.2777777777778,13.8888888888889,"2020",1882.69722222222
2020-10-22,69.4,54.7,296,20.7777777777778,12.6111111111111,"2020",1889.39166666667
2020-10-23,66.6,53.8,297,19.2222222222222,12.1111111111111,"2020",1895.05833333333
2020-10-24,67.8,46.2,298,19.8888888888889,7.88888888888889,"2020",1900.00277777778
2020-10-25,48.9,42.3,299,9.38888888888889,5.72222222222222,"2020",1900.00277777778
2020-10-26,53.4,47.3,300,11.8888888888889,8.5,"2020",1900.94722222222
2020-10-27,54.7,46.4,301,12.6111111111111,8,"2020",1902.25277777778
2020-10-28,50.2,43.3,302,10.1111111111111,6.27777777777778,"2020",1902.30833333333
2020-10-29,48.1,43.2,303,8.94444444444445,6.22222222222222,"2020",1902.30833333333
2020-10-30,43.7,24.6,304,6.5,-4.11111111111111,"2020",1902.30833333333
2020-10-31,42.8,21.4,305,6,-5.88888888888889,"2020",1902.30833333333
2020-11-01,48.6,28.9,306,9.22222222222222,-1.72222222222222,"2020",1902.30833333333
2020-11-02,43,32.7,307,6.11111111111111,0.38888888888889,"2020",1902.30833333333
2020-11-03,42.6,30.2,308,5.88888888888889,-1,"2020",1902.30833333333
2020-11-04,56.1,31.3,309,13.3888888888889,-0.388888888888889,"2020",1904.00277777778
2020-11-05,70.3,48.6,310,21.2777777777778,9.22222222222222,"2020",1909.64166666667
2020-11-06,73.8,54.9,311,23.2222222222222,12.7222222222222,"2020",1917.61388888889
2020-11-07,77,49.3,312,25,9.61111111111111,"2020",1925.11388888889
2020-11-08,73.4,46.6,313,23,8.11111111111111,"2020",1931.61388888889
2020-11-09,75.2,42.1,314,24,5.61111111111111,"2020",1938.61388888889
2020-11-10,75.7,44.2,315,24.2777777777778,6.77777777777778,"2020",1945.75277777778
2020-11-11,73.9,58.6,316,23.2777777777778,14.7777777777778,"2020",1954.78055555555
2020-11-12,64.6,48.7,317,18.1111111111111,9.27777777777778,"2020",1958.83611111111
2020-11-13,48.7,40.1,318,9.27777777777778,4.5,"2020",1958.83611111111
2020-11-14,49.5,30.7,319,9.72222222222222,-0.722222222222223,"2020",1958.83611111111
2020-11-15,58.1,26.1,320,14.5,-3.27777777777778,"2020",1961.08611111111
2020-11-16,52.9,39.4,321,11.6111111111111,4.11111111111111,"2020",1961.89166666667
2020-11-17,48,34.5,322,8.88888888888889,1.38888888888889,"2020",1961.89166666667
2020-11-18,34.2,21.6,323,1.22222222222222,-5.77777777777778,"2020",1961.89166666667
2020-11-19,45.1,18,324,7.27777777777778,-7.77777777777778,"2020",1961.89166666667
2020-11-20,64.6,45.3,325,18.1111111111111,7.38888888888889,"2020",1965.94722222222
2020-11-21,62.1,44.8,326,16.7222222222222,7.11111111111111,"2020",1969.30833333333
2020-11-22,47.5,35.4,327,8.61111111111111,1.88888888888889,"2020",1969.30833333333
2020-11-23,59,36.3,328,15,2.38888888888889,"2020",1971.80833333333
2020-11-24,43.3,30,329,6.27777777777778,-1.11111111111111,"2020",1971.80833333333
2020-11-25,51.8,27,330,11,-2.77777777777778,"2020",1972.30833333333
2020-11-26,60.3,40.6,331,15.7222222222222,4.77777777777778,"2020",1975.16944444444
2020-11-27,55,41.5,332,12.7777777777778,5.27777777777778,"2020",1976.55833333333
2020-11-28,53.2,37,333,11.7777777777778,2.77777777777778,"2020",1977.44722222222
2020-11-29,52.9,31.8,334,11.6111111111111,-0.111111111111111,"2020",1978.25277777778
2020-11-30,62.4,34.9,335,16.8888888888889,1.61111111111111,"2020",1981.69722222222
2020-12-01,63.1,43.3,336,17.2777777777778,6.27777777777778,"2020",1985.33611111111
2020-12-02,43.9,33.8,337,6.61111111111111,0.999999999999998,"2020",1985.33611111111
2020-12-03,49.6,31.8,338,9.77777777777778,-0.111111111111111,"2020",1985.33611111111
2020-12-04,59.5,40.3,339,15.2777777777778,4.61111111111111,"2020",1987.975
2020-12-05,45.5,32.7,340,7.5,0.38888888888889,"2020",1987.975
2020-12-06,36.1,28.9,341,2.27777777777778,-1.72222222222222,"2020",1987.975
2020-12-07,34.7,25.2,342,1.5,-3.77777777777778,"2020",1987.975
2020-12-08,30.9,25.3,343,-0.611111111111112,-3.72222222222222,"2020",1987.975
2020-12-09,35.8,21.6,344,2.11111111111111,-5.77777777777778,"2020",1987.975
2020-12-10,44.6,28.8,345,7,-1.77777777777778,"2020",1987.975
2020-12-11,52,26.4,346,11.1111111111111,-3.11111111111111,"2020",1988.53055555555
2020-12-12,47.3,34.7,347,8.5,1.5,"2020",1988.53055555555
2020-12-13,59.9,40.1,348,15.5,4.5,"2020",1991.28055555555
2020-12-14,37.8,31.1,349,3.22222222222222,-0.499999999999999,"2020",1991.28055555555
2020-12-15,35.6,24.3,350,2,-4.27777777777778,"2020",1991.28055555555
2020-12-16,28.8,16,351,-1.77777777777778,-8.88888888888889,"2020",1991.28055555555
2020-12-17,31.8,19.9,352,-0.111111111111111,-6.72222222222222,"2020",1991.28055555555
2020-12-18,30.2,19.8,353,-1,-6.77777777777778,"2020",1991.28055555555
2020-12-19,32.7,12.9,354,0.38888888888889,-10.6111111111111,"2020",1991.28055555555
2020-12-20,37,23,355,2.77777777777778,-5,"2020",1991.28055555555
2020-12-21,36.3,26.6,356,2.38888888888889,-3,"2020",1991.28055555555
2020-12-22,44.8,29.8,357,7.11111111111111,-1.22222222222222,"2020",1991.28055555555
2020-12-23,39.9,27.9,358,4.38888888888889,-2.27777777777778,"2020",1991.28055555555
2020-12-24,55.8,28.6,359,13.2222222222222,-1.88888888888889,"2020",1992.89166666667
2020-12-25,61.7,42.1,360,16.5,5.61111111111111,"2020",1996.14166666667
2020-12-26,39.4,27.7,361,4.11111111111111,-2.38888888888889,"2020",1996.14166666667
2020-12-27,38.8,23,362,3.77777777777778,-5,"2020",1996.14166666667
2020-12-28,50.7,26.2,363,10.3888888888889,-3.22222222222222,"2020",1996.33611111111
2020-12-29,40.7,23,364,4.83333333333333,-5,"2020",1996.33611111111
2020-12-30,40.1,19,365,4.5,-7.22222222222222,"2020",1996.33611111111
2020-12-31,45.1,30.9,366,7.27777777777778,-0.611111111111112,"2020",1996.33611111111
