"","spp","year","site","ind","provenance.long","provenance.lat","plot","leafout","leafcolor","fgs","fgsGDD"
"1","ACEPEN",2018,"HF","12",-72.18992,42.531705,12,131,268,137,1524.00833333333
"2","ACEPEN",2018,"WM","5",-71.230138,44.112337,2,131,249,118,1370.68888888889
"3","ACEPEN",2019,"HF","12",-72.18992,42.531705,12,123,240,117,1212.51388888889
"4","ACEPEN",2019,"WM","5",-71.230138,44.112337,5,123,232,109,1131.75
"5","ACEPEN",2020,"HF","12",-72.18992,42.531705,12,143,293,150,1673.36388888889
"6","ACEPEN",2020,"WM","5",-71.230138,44.112337,5,135,293,158,1718.36944444444
"7","ACESPI",2018,"GR","4",-71.146683,44.794942,10,124,274,150,1605.81666666666
"8","ACESPI",2019,"GR","4",-71.146683,44.794942,10,145,232,87,1032.50277777777
"9","ACESPI",2019,"GR","4",-71.146683,44.794942,7,112,232,120,1149.35833333333
"10","ACESPI",2019,"WM","1",-71.230138,44.112337,7,147,232,85,1012.36666666666
"11","ACESPI",2020,"GR","4",-71.146683,44.794942,7,130,282,151.5,1690.74444444444
"12","ALNINC",2018,"GR","11",-71.146683,44.794942,1,124,297,173,1701.50833333333
"13","ALNINC",2018,"GR","11A",-71.146683,44.794942,3,124,304,180,1705.98055555555
"14","ALNINC",2018,"GR","8",-71.146683,44.794942,16,142,304,162,1606.31111111111
"15","ALNINC",2018,"GR","8",-71.146683,44.794942,3,124,297,173,1701.50833333333
"16","ALNINC",2018,"GR","8B",-71.146683,44.794942,5,124,297,173,1701.50833333333
"17","ALNINC",2018,"HF","9",-72.18992,42.531705,2,128,297,169,1678.475
"18","ALNINC",2018,"SH","3",-74.02507,45.932675,16,142,297,155,1601.83888888889
"19","ALNINC",2018,"SH","4",-74.02507,45.932675,15,124,297,173,1701.50833333333
"20","ALNINC",2018,"SH","4",-74.02507,45.932675,2,124,297,173,1701.50833333333
"21","ALNINC",2018,"SH","5",-74.02507,45.932675,3,124,288,164,1684.76388888889
"22","ALNINC",2018,"SH","8",-74.02507,45.932675,9,124,274,150,1605.81666666666
"23","ALNINC",2018,"WM","1",-71.230138,44.112337,1,124,297,173,1701.50833333333
"24","ALNINC",2018,"WM","2A",-71.230138,44.112337,1,124,297,173,1701.50833333333
"25","ALNINC",2018,"WM","5A",-71.230138,44.112337,16,142,288,146,1585.09444444445
"26","ALNINC",2018,"WM","5B",-71.230138,44.112337,16,142,304,162,1606.31111111111
"27","ALNINC",2018,"WM","5B",-71.230138,44.112337,2,128,274,146,1582.78333333333
"28","ALNINC",2019,"GR","1",-71.146683,44.794942,3,119,240,121,1216.84722222222
"29","ALNINC",2019,"GR","1",-71.146683,44.794942,5,119,240,121,1216.84722222222
"30","ALNINC",2019,"GR","11",-71.146683,44.794942,1,115,245,130,1274.61944444445
"31","ALNINC",2019,"GR","11",-71.146683,44.794942,15,119,240,121,1216.84722222222
"32","ALNINC",2019,"GR","11A",-71.146683,44.794942,3,112,240,128,1230.12222222222
"33","ALNINC",2019,"GR","11B",-71.146683,44.794942,3,119,240,121,1216.84722222222
"34","ALNINC",2019,"GR","8",-71.146683,44.794942,16,127,240,113,1201.06388888889
"35","ALNINC",2019,"GR","8",-71.146683,44.794942,3,119,240,121,1216.84722222222
"36","ALNINC",2019,"GR","8A",-71.146683,44.794942,5,129,240,111,1194.95277777777
"37","ALNINC",2019,"GR","8B",-71.146683,44.794942,5,119,240,121,1216.84722222222
"38","ALNINC",2019,"HF","1",-72.18992,42.531705,1,119,249,130,1304.90833333333
"39","ALNINC",2019,"HF","1",-72.18992,42.531705,16,119,232,113,1136.08333333333
"40","ALNINC",2019,"HF","2",-72.18992,42.531705,1,136,263,127.5,1362.30277777777
"41","ALNINC",2019,"HF","5",-72.18992,42.531705,6,129,240,111,1194.95277777777
"42","ALNINC",2019,"HF","8",-72.18992,42.531705,12,127,249,122,1289.125
"43","ALNINC",2019,"HF","9",-72.18992,42.531705,15,119,245,126,1269.17777777778
"44","ALNINC",2019,"HF","9",-72.18992,42.531705,2,132,240,108,1183.51388888889
"45","ALNINC",2019,"HF","9",-72.18992,42.531705,6,123,240,117,1212.51388888889
"46","ALNINC",2019,"HF","9",-72.18992,42.531705,9,123,232,109,1131.75
"47","ALNINC",2019,"SH","1",-74.02507,45.932675,1,119,267,148,1453.54722222222
"48","ALNINC",2019,"SH","1",-74.02507,45.932675,12,123,245,122,1264.84444444445
"49","ALNINC",2019,"SH","3",-74.02507,45.932675,16,119,240,121,1216.84722222222
"50","ALNINC",2019,"SH","4",-74.02507,45.932675,15,115,240,125,1222.28888888889
"51","ALNINC",2019,"SH","4",-74.02507,45.932675,2,123,240,117,1212.51388888889
"52","ALNINC",2019,"SH","5",-74.02507,45.932675,2,129,245,116,1247.28333333333
"53","ALNINC",2019,"SH","5",-74.02507,45.932675,3,123,240,117,1212.51388888889
"54","ALNINC",2019,"SH","6",-74.02507,45.932675,5,112,240,128,1230.12222222222
"55","ALNINC",2019,"SH","8",-74.02507,45.932675,9,129,240,111,1194.95277777777
"56","ALNINC",2019,"WM","1",-71.230138,44.112337,1,123,245,122,1264.84444444445
"57","ALNINC",2019,"WM","2A",-71.230138,44.112337,1,112,245,133,1282.45277777778
"58","ALNINC",2019,"WM","2B",-71.230138,44.112337,1,119,232,113,1136.08333333333
"59","ALNINC",2019,"WM","5",-71.230138,44.112337,1,112,245,133,1282.45277777778
"60","ALNINC",2019,"WM","5A",-71.230138,44.112337,16,112,240,128,1230.12222222222
"61","ALNINC",2019,"WM","5A",-71.230138,44.112337,2,123,245,122,1264.84444444445
"62","ALNINC",2019,"WM","5B",-71.230138,44.112337,16,123,240,117,1212.51388888889
"63","ALNINC",2019,"WM","5B",-71.230138,44.112337,2,119,240,121,1216.84722222222
"64","ALNINC",2020,"GR","1",-71.146683,44.794942,3,143,293,150,1673.36388888889
"65","ALNINC",2020,"GR","1",-71.146683,44.794942,5,148,293,145,1640.6
"66","ALNINC",2020,"GR","11",-71.146683,44.794942,1,154,241,87,1204.63333333333
"67","ALNINC",2020,"GR","11",-71.146683,44.794942,15,143,263,120,1492.66944444445
"68","ALNINC",2020,"GR","11A",-71.146683,44.794942,3,154,293,139,1587.02222222222
"69","ALNINC",2020,"GR","11B",-71.146683,44.794942,3,148,275,127,1560.57222222222
"70","ALNINC",2020,"GR","8",-71.146683,44.794942,16,143,293,150,1673.36388888889
"71","ALNINC",2020,"GR","8",-71.146683,44.794942,3,154,293,139,1587.02222222222
"72","ALNINC",2020,"GR","8A",-71.146683,44.794942,5,154,229,75,1052.025
"73","ALNINC",2020,"GR","8B",-71.146683,44.794942,5,154,293,139,1587.02222222222
"74","ALNINC",2020,"HF","1",-72.18992,42.531705,1,133,293,160,1727.46388888889
"75","ALNINC",2020,"HF","1",-72.18992,42.531705,16,135,275,140,1638.34166666666
"76","ALNINC",2020,"HF","2",-72.18992,42.531705,1,143,275,132,1593.33611111111
"77","ALNINC",2020,"HF","5",-72.18992,42.531705,6,154,275,121,1506.99444444444
"78","ALNINC",2020,"HF","8",-72.18992,42.531705,12,157,293,136,1550.61944444444
"79","ALNINC",2020,"HF","9",-72.18992,42.531705,15,154,275,121,1506.99444444444
"80","ALNINC",2020,"HF","9",-72.18992,42.531705,2,154,293,139,1587.02222222222
"81","ALNINC",2020,"HF","9",-72.18992,42.531705,6,157,293,136,1550.61944444444
"82","ALNINC",2020,"HF","9",-72.18992,42.531705,9,164,275,111,1405.59444444444
"83","ALNINC",2020,"SH","1",-74.02507,45.932675,1,154,248,94,1275.74444444445
"84","ALNINC",2020,"SH","1",-74.02507,45.932675,12,143,293,150,1673.36388888889
"85","ALNINC",2020,"SH","3",-74.02507,45.932675,16,157,293,136,1550.61944444444
"86","ALNINC",2020,"SH","4",-74.02507,45.932675,15,154,275,121,1506.99444444444
"87","ALNINC",2020,"SH","4",-74.02507,45.932675,2,157,293,136,1550.61944444444
"88","ALNINC",2020,"SH","5",-74.02507,45.932675,3,139,293,154,1696.10833333333
"89","ALNINC",2020,"SH","6",-74.02507,45.932675,5,148,293,145,1640.6
"90","ALNINC",2020,"WM","1",-71.230138,44.112337,1,143,293,150,1673.36388888889
"91","ALNINC",2020,"WM","2A",-71.230138,44.112337,1,154,241,87,1204.63333333333
"92","ALNINC",2020,"WM","2B",-71.230138,44.112337,1,148,293,145,1640.6
"93","ALNINC",2020,"WM","5",-71.230138,44.112337,1,148,275,127,1560.57222222222
"94","ALNINC",2020,"WM","5A",-71.230138,44.112337,16,148,293,145,1640.6
"95","ALNINC",2020,"WM","5A",-71.230138,44.112337,2,143,293,150,1673.36388888889
"96","ALNINC",2020,"WM","5B",-71.230138,44.112337,16,143,241,98,1290.975
"97","AMECAN",2018,"GR","10",-71.146683,44.794942,2,124,263,139,1539.00277777777
"98","AMECAN",2018,"GR","10",-71.146683,44.794942,6,124,277,153,1622.10555555555
"99","AMECAN",2018,"GR","10A",-71.146683,44.794942,3,124,263,139,1539.00277777777
"100","AMECAN",2018,"GR","10B",-71.146683,44.794942,5,124,268,144,1564.92777777777
"101","AMECAN",2018,"SH","3",-74.02507,45.932675,15,124,268,144,1564.92777777777
"102","AMECAN",2018,"SH","4",-74.02507,45.932675,5,124,270,146,1586.175
"103","AMECAN",2019,"GR","10",-71.146683,44.794942,2,135,240,105,1179.87222222222
"104","AMECAN",2019,"GR","10",-71.146683,44.794942,6,112,240,128,1230.12222222222
"105","AMECAN",2019,"GR","10A",-71.146683,44.794942,3,112,232,120,1149.35833333333
"106","AMECAN",2019,"GR","10A",-71.146683,44.794942,5,135,232,97,1099.10833333333
"107","AMECAN",2019,"GR","10B",-71.146683,44.794942,3,112,232,120,1149.35833333333
"108","AMECAN",2019,"GR","10B",-71.146683,44.794942,5,119,232,113,1136.08333333333
"109","AMECAN",2019,"SH","3",-74.02507,45.932675,15,112,240,128,1230.12222222222
"110","AMECAN",2019,"SH","4",-74.02507,45.932675,5,112,232,120,1149.35833333333
"111","AMECAN",2019,"SH","4",-74.02507,45.932675,6,112,232,120,1149.35833333333
"112","AMECAN",2019,"WM","1",-71.230138,44.112337,2,112,232,120,1149.35833333333
"113","AMECAN",2020,"GR","10",-71.146683,44.794942,6,126,241,115,1362.51666666666
"114","AMECAN",2020,"GR","10A",-71.146683,44.794942,3,128,241,113.5,1357.23611111111
"115","AMECAN",2020,"GR","10B",-71.146683,44.794942,3,128,241,113.5,1357.23611111111
"116","AMECAN",2020,"SH","4",-74.02507,45.932675,5,120,293,172.5,1774.85
"117","AMECAN",2020,"SH","4",-74.02507,45.932675,6,126,263,137,1564.21111111111
"118","AROMEL",2018,"HF","12",-72.18992,42.531705,11,135,274,139,1543.76111111111
"119","AROMEL",2018,"HF","12",-72.18992,42.531705,14,135,268,133,1502.87222222222
"120","AROMEL",2018,"HF","13",-72.18992,42.531705,14,135,288,153,1622.70833333334
"121","AROMEL",2018,"HF","4",-72.18992,42.531705,8,124,281,157,1643.525
"122","AROMEL",2018,"WM","15",-71.230138,44.112337,4,124,274,150,1605.81666666666
"123","AROMEL",2018,"WM","2",-71.230138,44.112337,14,135,297,162,1639.45277777778
"124","AROMEL",2018,"WM","2",-71.230138,44.112337,4,124,263,139,1539.00277777777
"125","AROMEL",2018,"WM","5",-71.230138,44.112337,11,124,263,139,1539.00277777777
"126","AROMEL",2018,"WM","5",-71.230138,44.112337,4,135,274,139,1543.76111111111
"127","AROMEL",2018,"WM","7",-71.230138,44.112337,8,124,263,139,1539.00277777777
"128","AROMEL",2019,"HF","10",-72.18992,42.531705,8,119,232,113,1136.08333333333
"129","AROMEL",2019,"HF","12",-72.18992,42.531705,11,115,249,134,1310.35
"130","AROMEL",2019,"HF","12",-72.18992,42.531705,14,115,249,134,1310.35
"131","AROMEL",2019,"HF","13",-72.18992,42.531705,14,115,245,130,1274.61944444445
"132","AROMEL",2019,"HF","4",-72.18992,42.531705,8,119,232,113,1136.08333333333
"133","AROMEL",2019,"HF","8A",-72.18992,42.531705,11,119,232,113,1136.08333333333
"134","AROMEL",2019,"HF","8B",-72.18992,42.531705,11,115,253,138,1340.98055555556
"135","AROMEL",2019,"WM","15",-71.230138,44.112337,4,129,240,111,1194.95277777777
"136","AROMEL",2019,"WM","2",-71.230138,44.112337,14,115,240,125,1222.28888888889
"137","AROMEL",2019,"WM","2",-71.230138,44.112337,4,129,232,103,1114.18888888888
"138","AROMEL",2019,"WM","5",-71.230138,44.112337,11,119,245,126,1269.17777777778
"139","AROMEL",2019,"WM","5",-71.230138,44.112337,4,142,240,98,1131.49166666666
"140","AROMEL",2019,"WM","7",-71.230138,44.112337,8,115,240,125,1222.28888888889
"141","AROMEL",2020,"HF","10",-72.18992,42.531705,8,126,275,149,1664.87777777777
"142","AROMEL",2020,"HF","12",-72.18992,42.531705,11,133,268,135,1574.575
"143","AROMEL",2020,"HF","12",-72.18992,42.531705,14,133,268,135,1574.575
"144","AROMEL",2020,"HF","13",-72.18992,42.531705,14,133,268,135,1574.575
"145","AROMEL",2020,"HF","4",-72.18992,42.531705,8,126,293,167,1744.90555555555
"146","AROMEL",2020,"HF","8A",-72.18992,42.531705,11,133,268,135,1574.575
"147","AROMEL",2020,"HF","8B",-72.18992,42.531705,11,133,293,160,1727.46388888889
"148","AROMEL",2020,"WM","15",-71.230138,44.112337,4,124,229,105.5,1218.55
"149","AROMEL",2020,"WM","2",-71.230138,44.112337,14,133,263,130,1546.76944444445
"150","AROMEL",2020,"WM","2",-71.230138,44.112337,4,128,241,113.5,1357.23611111111
"151","AROMEL",2020,"WM","5",-71.230138,44.112337,11,133,275,142,1647.43611111111
"152","AROMEL",2020,"WM","5",-71.230138,44.112337,4,128,275,147.5,1659.59722222222
"153","AROMEL",2020,"WM","7",-71.230138,44.112337,8,128,275,147.5,1659.59722222222
"154","BETALL",2018,"GR","1",-71.146683,44.794942,3,128,263,135,1515.96944444444
"155","BETALL",2018,"GR","12",-71.146683,44.794942,1,124,288,164,1684.76388888889
"156","BETALL",2018,"GR","12",-71.146683,44.794942,3,124,297,173,1701.50833333333
"157","BETALL",2018,"GR","13",-71.146683,44.794942,1,128,277,149,1599.07222222222
"158","BETALL",2018,"GR","14",-71.146683,44.794942,15,135,263,128,1476.94722222222
"159","BETALL",2018,"GR","14",-71.146683,44.794942,16,142,253,111,1338.75
"160","BETALL",2018,"GR","9",-71.146683,44.794942,3,128,297,169,1678.475
"161","BETALL",2018,"SH","4",-74.02507,45.932675,3,131,268,137,1524.00833333333
"162","BETALL",2018,"SH","4A",-74.02507,45.932675,9,124,274,150,1605.81666666666
"163","BETALL",2018,"SH","4B",-74.02507,45.932675,9,131,268,137,1524.00833333333
"164","BETALL",2018,"SH","5",-74.02507,45.932675,6,131,274,143,1564.89722222222
"165","BETALL",2018,"SH","5",-74.02507,45.932675,9,135,268,133,1502.87222222222
"166","BETALL",2018,"SH","7",-74.02507,45.932675,16,142,263,121,1439.33333333333
"167","BETALL",2018,"WM","8",-71.230138,44.112337,1,138,297,159,1625.11944444444
"168","BETALL",2018,"WM","8",-71.230138,44.112337,9,131,268,137,1524.00833333333
"169","BETALL",2018,"WM","8A",-71.230138,44.112337,12,142,288,146,1585.09444444445
"170","BETALL",2018,"WM","8A",-71.230138,44.112337,5,131,281,150,1602.60555555556
"171","BETALL",2018,"WM","8B",-71.230138,44.112337,5,128,288,160,1661.73055555556
"172","BETALL",2019,"GR","1",-71.146683,44.794942,3,135,240,105,1179.87222222222
"173","BETALL",2019,"GR","12",-71.146683,44.794942,1,115,240,125,1222.28888888889
"174","BETALL",2019,"GR","12",-71.146683,44.794942,3,123,240,117,1212.51388888889
"175","BETALL",2019,"GR","13",-71.146683,44.794942,15,119,232,113,1136.08333333333
"176","BETALL",2019,"GR","13",-71.146683,44.794942,2,123,240,117,1212.51388888889
"177","BETALL",2019,"GR","14",-71.146683,44.794942,15,119,232,113,1136.08333333333
"178","BETALL",2019,"GR","14",-71.146683,44.794942,16,119,232,113,1136.08333333333
"179","BETALL",2019,"GR","9",-71.146683,44.794942,3,127,240,113,1201.06388888889
"180","BETALL",2019,"SH","2",-74.02507,45.932675,6,115,240,125,1222.28888888889
"181","BETALL",2019,"SH","4",-74.02507,45.932675,3,135,240,105,1179.87222222222
"182","BETALL",2019,"SH","4A",-74.02507,45.932675,9,119,232,113,1136.08333333333
"183","BETALL",2019,"SH","4B",-74.02507,45.932675,9,137,240,103,1169.92222222222
"184","BETALL",2019,"SH","5",-74.02507,45.932675,6,119,240,121,1216.84722222222
"185","BETALL",2019,"SH","7",-74.02507,45.932675,16,119,232,113,1136.08333333333
"186","BETALL",2019,"SH","9",-74.02507,45.932675,6,127,240,113,1201.06388888889
"187","BETALL",2019,"SH","9",-74.02507,45.932675,9,119,245,126,1269.17777777778
"188","BETALL",2019,"WM","8",-71.230138,44.112337,1,135,267,132,1416.57222222222
"189","BETALL",2019,"WM","8",-71.230138,44.112337,9,119,232,113,1136.08333333333
"190","BETALL",2019,"WM","8A",-71.230138,44.112337,12,115,240,125,1222.28888888889
"191","BETALL",2019,"WM","8A",-71.230138,44.112337,5,123,240,117,1212.51388888889
"192","BETALL",2019,"WM","8B",-71.230138,44.112337,12,127,240,113,1201.06388888889
"193","BETALL",2019,"WM","8B",-71.230138,44.112337,5,127,232,105,1120.3
"194","BETALL",2019,"WM","9",-71.230138,44.112337,5,127,240,113,1201.06388888889
"195","BETALL",2020,"GR","1",-71.146683,44.794942,3,135,268,133,1565.48055555555
"196","BETALL",2020,"GR","12",-71.146683,44.794942,1,143,248,105,1362.08611111112
"197","BETALL",2020,"GR","12",-71.146683,44.794942,3,135,268,133,1565.48055555555
"198","BETALL",2020,"GR","13",-71.146683,44.794942,1,130,275,144.5,1657.35555555555
"199","BETALL",2020,"GR","13",-71.146683,44.794942,15,135,268,133,1565.48055555555
"200","BETALL",2020,"GR","13",-71.146683,44.794942,2,143,268,125,1520.475
"201","BETALL",2020,"GR","14",-71.146683,44.794942,15,143,275,132,1593.33611111111
"202","BETALL",2020,"GR","14",-71.146683,44.794942,16,135,293,158,1718.36944444444
"203","BETALL",2020,"GR","9",-71.146683,44.794942,3,143,275,132,1593.33611111111
"204","BETALL",2020,"SH","2",-74.02507,45.932675,6,148,275,127,1560.57222222222
"205","BETALL",2020,"SH","4",-74.02507,45.932675,3,135,275,140,1638.34166666666
"206","BETALL",2020,"SH","4A",-74.02507,45.932675,9,143,293,150,1673.36388888889
"207","BETALL",2020,"SH","5",-74.02507,45.932675,6,143,275,132,1593.33611111111
"208","BETALL",2020,"SH","5",-74.02507,45.932675,9,143,293,150,1673.36388888889
"209","BETALL",2020,"SH","7",-74.02507,45.932675,16,135,275,140,1638.34166666666
"210","BETALL",2020,"SH","9",-74.02507,45.932675,6,148,275,127,1560.57222222222
"211","BETALL",2020,"SH","9",-74.02507,45.932675,9,154,275,121,1506.99444444444
"212","BETALL",2020,"WM","8",-71.230138,44.112337,1,143,275,132,1593.33611111111
"213","BETALL",2020,"WM","8A",-71.230138,44.112337,12,135,268,133,1565.48055555555
"214","BETALL",2020,"WM","8A",-71.230138,44.112337,5,135,275,140,1638.34166666666
"215","BETALL",2020,"WM","8B",-71.230138,44.112337,12,143,275,132,1593.33611111111
"216","BETALL",2020,"WM","8B",-71.230138,44.112337,5,143,229,86,1138.36666666667
"217","BETALL",2020,"WM","9",-71.230138,44.112337,5,143,275,132,1593.33611111111
"218","BETALL",2020,"WM","9",-71.230138,44.112337,9,135,293,158,1718.36944444444
"219","BETPAP",2018,"GR","5",-71.146683,44.794942,1,184,260,76,1006.71944444444
"220","BETPAP",2018,"GR","5B",-71.146683,44.794942,2,138,268,130,1488.53888888888
"221","BETPAP",2018,"GR","8",-71.146683,44.794942,3,124,274,150,1605.81666666666
"222","BETPAP",2018,"GR","8",-71.146683,44.794942,5,135,274,139,1543.76111111111
"223","BETPAP",2018,"GR","8",-71.146683,44.794942,6,131,268,137,1524.00833333333
"224","BETPAP",2018,"HF","16",-72.18992,42.531705,12,124,274,150,1605.81666666666
"225","BETPAP",2018,"HF","16",-72.18992,42.531705,3,124,274,150,1605.81666666666
"226","BETPAP",2018,"HF","16B",-72.18992,42.531705,6,124,274,150,1605.81666666666
"227","BETPAP",2018,"SH","1B",-74.02507,45.932675,1,124,268,144,1564.92777777777
"228","BETPAP",2019,"GR","5",-71.146683,44.794942,1,127,232,105,1120.3
"229","BETPAP",2019,"GR","5A",-71.146683,44.794942,2,127,245,118,1253.39444444445
"230","BETPAP",2019,"GR","5B",-71.146683,44.794942,2,155,240,85,1053.225
"231","BETPAP",2019,"GR","8",-71.146683,44.794942,12,115,240,125,1222.28888888889
"232","BETPAP",2019,"GR","8",-71.146683,44.794942,3,123,232,109,1131.75
"233","BETPAP",2019,"GR","8",-71.146683,44.794942,5,119,232,113,1136.08333333333
"234","BETPAP",2019,"GR","8",-71.146683,44.794942,6,135,232,97,1099.10833333333
"235","BETPAP",2019,"HF","16",-72.18992,42.531705,12,119,232,113,1136.08333333333
"236","BETPAP",2019,"HF","16",-72.18992,42.531705,2,115,240,125,1222.28888888889
"237","BETPAP",2019,"HF","16",-72.18992,42.531705,3,119,232,113,1136.08333333333
"238","BETPAP",2019,"HF","16",-72.18992,42.531705,5,119,232,113,1136.08333333333
"239","BETPAP",2019,"HF","16A",-72.18992,42.531705,6,115,232,117,1141.525
"240","BETPAP",2019,"HF","16B",-72.18992,42.531705,6,115,240,125,1222.28888888889
"241","BETPAP",2019,"SH","1A",-74.02507,45.932675,1,129,232,103,1114.18888888888
"242","BETPAP",2019,"SH","1B",-74.02507,45.932675,1,119,232,113,1136.08333333333
"243","BETPAP",2020,"GR","5",-71.146683,44.794942,1,148,241,93,1258.21111111111
"244","BETPAP",2020,"GR","5A",-71.146683,44.794942,2,135,293,158,1718.36944444444
"245","BETPAP",2020,"GR","8",-71.146683,44.794942,12,143,268,125,1520.475
"246","BETPAP",2020,"GR","8",-71.146683,44.794942,3,157,282,125,1503.98055555555
"247","BETPAP",2020,"GR","8",-71.146683,44.794942,5,148,293,145,1640.6
"248","BETPAP",2020,"GR","8",-71.146683,44.794942,6,130,275,144.5,1657.35555555555
"249","BETPAP",2020,"HF","16",-72.18992,42.531705,12,148,301,153,1672.79444444445
"250","BETPAP",2020,"HF","16",-72.18992,42.531705,2,130,293,162.5,1737.38333333333
"251","BETPAP",2020,"HF","16",-72.18992,42.531705,3,136,293,157.5,1709.29722222222
"252","BETPAP",2020,"HF","16",-72.18992,42.531705,5,143,263,120,1492.66944444445
"253","BETPAP",2020,"HF","16A",-72.18992,42.531705,6,132,301,168.5,1761.9
"254","BETPAP",2020,"HF","16B",-72.18992,42.531705,6,143,293,150,1673.36388888889
"255","BETPAP",2020,"SH","1A",-74.02507,45.932675,1,133,293,160,1727.46388888889
"256","BETPAP",2020,"SH","1B",-74.02507,45.932675,1,148,255,107,1408.93333333334
"257","BETPOP",2018,"GR","3",-71.146683,44.794942,6,124,268,144,1564.92777777777
"258","BETPOP",2018,"GR","5",-71.146683,44.794942,1,124,288,164,1684.76388888889
"259","BETPOP",2018,"GR","5A",-71.146683,44.794942,12,124,274,150,1605.81666666666
"260","BETPOP",2018,"GR","5A",-71.146683,44.794942,3,124,274,150,1605.81666666666
"261","BETPOP",2018,"GR","5B",-71.146683,44.794942,12,124,274,150,1605.81666666666
"262","BETPOP",2018,"HF","1",-72.18992,42.531705,3,124,288,164,1684.76388888889
"263","BETPOP",2018,"HF","3A",-72.18992,42.531705,6,124,274,150,1605.81666666666
"264","BETPOP",2018,"HF","5",-72.18992,42.531705,2,124,263,139,1539.00277777777
"265","BETPOP",2018,"WM","7",-71.230138,44.112337,1,124,274,150,1605.81666666666
"266","BETPOP",2018,"WM","7",-71.230138,44.112337,15,124,274,150,1605.81666666666
"267","BETPOP",2018,"WM","7",-71.230138,44.112337,6,124,281,157,1643.525
"268","BETPOP",2018,"WM","8",-71.230138,44.112337,16,142,263,121,1439.33333333333
"269","BETPOP",2019,"GR","3",-71.146683,44.794942,6,112,240,128,1230.12222222222
"270","BETPOP",2019,"GR","5",-71.146683,44.794942,1,119,240,121,1216.84722222222
"271","BETPOP",2019,"GR","5",-71.146683,44.794942,6,127,240,113,1201.06388888889
"272","BETPOP",2019,"GR","5A",-71.146683,44.794942,12,127,245,118,1253.39444444445
"273","BETPOP",2019,"GR","5A",-71.146683,44.794942,3,129,240,111,1194.95277777777
"274","BETPOP",2019,"GR","5B",-71.146683,44.794942,12,119,240,121,1216.84722222222
"275","BETPOP",2019,"GR","5B",-71.146683,44.794942,3,132,240,108,1183.51388888889
"276","BETPOP",2019,"GR","5C",-71.146683,44.794942,12,127,232,105,1120.3
"277","BETPOP",2019,"HF","1",-72.18992,42.531705,2,119,232,113,1136.08333333333
"278","BETPOP",2019,"HF","1",-72.18992,42.531705,3,119,240,121,1216.84722222222
"279","BETPOP",2019,"HF","3",-72.18992,42.531705,1,127,245,118,1253.39444444445
"280","BETPOP",2019,"HF","3A",-72.18992,42.531705,6,117,240,123,1221.15555555555
"281","BETPOP",2019,"HF","3B",-72.18992,42.531705,6,119,240,121,1216.84722222222
"282","BETPOP",2019,"HF","4",-72.18992,42.531705,9,134,245,110.5,1235.11111111111
"283","BETPOP",2019,"HF","5",-72.18992,42.531705,2,115,240,125,1222.28888888889
"284","BETPOP",2019,"HF","5",-72.18992,42.531705,6,119,240,121,1216.84722222222
"285","BETPOP",2019,"WM","7",-71.230138,44.112337,1,112,245,133,1282.45277777778
"286","BETPOP",2019,"WM","7",-71.230138,44.112337,15,119,240,121,1216.84722222222
"287","BETPOP",2019,"WM","7",-71.230138,44.112337,2,119,245,126,1269.17777777778
"288","BETPOP",2019,"WM","7",-71.230138,44.112337,3,119,245,126,1269.17777777778
"289","BETPOP",2019,"WM","7",-71.230138,44.112337,6,112,245,133,1282.45277777778
"290","BETPOP",2019,"WM","7",-71.230138,44.112337,9,112,240,128,1230.12222222222
"291","BETPOP",2019,"WM","8",-71.230138,44.112337,15,119,240,121,1216.84722222222
"292","BETPOP",2019,"WM","8",-71.230138,44.112337,16,115,240,125,1222.28888888889
"293","BETPOP",2019,"WM","9",-71.230138,44.112337,15,115,240,125,1222.28888888889
"294","BETPOP",2020,"GR","3",-71.146683,44.794942,16,135,293,158,1718.36944444444
"295","BETPOP",2020,"GR","3",-71.146683,44.794942,6,130,268,137.5,1584.49444444444
"296","BETPOP",2020,"GR","5",-71.146683,44.794942,1,143,275,132,1593.33611111111
"297","BETPOP",2020,"GR","5",-71.146683,44.794942,6,133,275,142,1647.43611111111
"298","BETPOP",2020,"GR","5A",-71.146683,44.794942,12,148,293,145,1640.6
"299","BETPOP",2020,"GR","5A",-71.146683,44.794942,3,135,282,147,1671.73055555555
"300","BETPOP",2020,"GR","5B",-71.146683,44.794942,12,135,268,133,1565.48055555555
"301","BETPOP",2020,"GR","5B",-71.146683,44.794942,3,143,275,132,1593.33611111111
"302","BETPOP",2020,"GR","5C",-71.146683,44.794942,12,135,255,120,1486.70277777778
"303","BETPOP",2020,"HF","1",-72.18992,42.531705,2,130,275,144.5,1657.35555555555
"304","BETPOP",2020,"HF","1",-72.18992,42.531705,3,130,268,137.5,1584.49444444444
"305","BETPOP",2020,"HF","3",-72.18992,42.531705,1,130,275,144.5,1657.35555555555
"306","BETPOP",2020,"HF","3A",-72.18992,42.531705,6,135,293,158,1718.36944444444
"307","BETPOP",2020,"HF","3B",-72.18992,42.531705,6,130,268,137.5,1584.49444444444
"308","BETPOP",2020,"HF","4",-72.18992,42.531705,9,133,275,142,1647.43611111111
"309","BETPOP",2020,"HF","5",-72.18992,42.531705,6,130,275,144.5,1657.35555555555
"310","BETPOP",2020,"WM","7",-71.230138,44.112337,1,133,268,135,1574.575
"311","BETPOP",2020,"WM","7",-71.230138,44.112337,15,133,275,142,1647.43611111111
"312","BETPOP",2020,"WM","7",-71.230138,44.112337,2,132,293,161.5,1729.70555555555
"313","BETPOP",2020,"WM","7",-71.230138,44.112337,3,130,301,170.5,1769.57777777778
"314","BETPOP",2020,"WM","7",-71.230138,44.112337,6,132,293,161.5,1729.70555555555
"315","BETPOP",2020,"WM","7",-71.230138,44.112337,9,135,293,158,1718.36944444444
"316","BETPOP",2020,"WM","8",-71.230138,44.112337,15,133,293,160,1727.46388888889
"317","BETPOP",2020,"WM","8",-71.230138,44.112337,16,133,275,142,1647.43611111111
"318","BETPOP",2020,"WM","9",-71.230138,44.112337,15,133,275,142,1647.43611111111
"319","DIELON",2018,"GR","2",-71.146683,44.794942,14,135,249,114,1349.55277777778
"320","DIELON",2018,"GR","5B",-71.146683,44.794942,7,121,274,153,1648.11666666666
"321","DIELON",2018,"GR","6",-71.146683,44.794942,14,135,253,118,1376.36388888889
"322","DIELON",2018,"GR","8",-71.146683,44.794942,13,124,263,139,1539.00277777777
"323","DIELON",2018,"HF","1A",-72.18992,42.531705,7,121,253,132,1480.71944444444
"324","DIELON",2018,"HF","1B",-72.18992,42.531705,7,121,281,160,1685.825
"325","DIELON",2018,"HF","2",-72.18992,42.531705,7,128,253,125,1415.38611111111
"326","DIELON",2018,"HF","2A",-72.18992,42.531705,13,142,249,107,1311.93888888889
"327","DIELON",2018,"HF","2B",-72.18992,42.531705,13,135,253,118,1376.36388888889
"328","DIELON",2018,"HF","4",-72.18992,42.531705,7,124,277,153,1622.10555555555
"329","DIELON",2018,"SH","2A",-74.02507,45.932675,13,124,297,173,1701.50833333333
"330","DIELON",2018,"SH","2B",-74.02507,45.932675,13,121,281,160,1685.825
"331","DIELON",2018,"SH","4",-74.02507,45.932675,13,135,297,162,1639.45277777778
"332","DIELON",2018,"SH","4",-74.02507,45.932675,7,124,281,157,1643.525
"333","DIELON",2018,"WM","1A",-71.230138,44.112337,13,121,263,142,1581.30277777777
"334","DIELON",2018,"WM","1B",-71.230138,44.112337,13,124,297,173,1701.50833333333
"335","DIELON",2018,"WM","1C",-71.230138,44.112337,13,124,288,164,1684.76388888889
"336","DIELON",2019,"GR","2",-71.146683,44.794942,14,115,232,117,1141.525
"337","DIELON",2019,"GR","5A",-71.146683,44.794942,7,112,240,128,1230.12222222222
"338","DIELON",2019,"GR","5B",-71.146683,44.794942,7,112,240,128,1230.12222222222
"339","DIELON",2019,"GR","5C",-71.146683,44.794942,7,119,245,126,1269.17777777778
"340","DIELON",2019,"GR","6",-71.146683,44.794942,14,115,232,117,1141.525
"341","DIELON",2019,"GR","8",-71.146683,44.794942,13,119,245,126,1269.17777777778
"342","DIELON",2019,"HF","1",-72.18992,42.531705,10,129,232,103,1114.18888888888
"343","DIELON",2019,"HF","1A",-72.18992,42.531705,7,112,240,128,1230.12222222222
"344","DIELON",2019,"HF","1B",-72.18992,42.531705,7,112,240,128,1230.12222222222
"345","DIELON",2019,"HF","2",-72.18992,42.531705,7,112,240,128,1230.12222222222
"346","DIELON",2019,"HF","2A",-72.18992,42.531705,13,115,240,125,1222.28888888889
"347","DIELON",2019,"HF","2B",-72.18992,42.531705,13,127,240,113,1201.06388888889
"348","DIELON",2019,"HF","2C",-72.18992,42.531705,13,115,232,117,1141.525
"349","DIELON",2019,"HF","3",-72.18992,42.531705,7,119,245,126,1269.17777777778
"350","DIELON",2019,"HF","4",-72.18992,42.531705,7,112,240,128,1230.12222222222
"351","DIELON",2019,"SH","2A",-74.02507,45.932675,13,112,245,133,1282.45277777778
"352","DIELON",2019,"SH","2B",-74.02507,45.932675,13,119,240,121,1216.84722222222
"353","DIELON",2019,"SH","4",-74.02507,45.932675,10,135,240,105,1179.87222222222
"354","DIELON",2019,"SH","4",-74.02507,45.932675,13,127,245,118,1253.39444444445
"355","DIELON",2019,"SH","4",-74.02507,45.932675,14,112,240,128,1230.12222222222
"356","DIELON",2019,"SH","4",-74.02507,45.932675,7,112,249,137,1318.18333333333
"357","DIELON",2019,"WM","1A",-71.230138,44.112337,13,112,240,128,1230.12222222222
"358","DIELON",2019,"WM","1B",-71.230138,44.112337,13,115,245,130,1274.61944444445
"359","DIELON",2019,"WM","1C",-71.230138,44.112337,13,115,240,125,1222.28888888889
"360","DIELON",2020,"GR","2",-71.146683,44.794942,14,133,275,142,1647.43611111111
"361","DIELON",2020,"GR","5",-71.146683,44.794942,10,133,282,149,1680.825
"362","DIELON",2020,"GR","5A",-71.146683,44.794942,7,122,275,153,1688.78333333333
"363","DIELON",2020,"GR","5B",-71.146683,44.794942,7,124,268,144.5,1600.65833333333
"364","DIELON",2020,"GR","5C",-71.146683,44.794942,7,124,275,151.5,1673.51944444444
"365","DIELON",2020,"GR","6",-71.146683,44.794942,14,133,275,142,1647.43611111111
"366","DIELON",2020,"GR","8",-71.146683,44.794942,13,133,263,130,1546.76944444445
"367","DIELON",2020,"HF","1A",-72.18992,42.531705,7,120,255,134.5,1543.18333333334
"368","DIELON",2020,"HF","1B",-72.18992,42.531705,7,120,275,154.5,1694.82222222222
"369","DIELON",2020,"HF","2",-72.18992,42.531705,7,122,275,153,1688.78333333333
"370","DIELON",2020,"HF","2A",-72.18992,42.531705,13,133,255,122,1495.79722222223
"371","DIELON",2020,"HF","2B",-72.18992,42.531705,13,133,268,135,1574.575
"372","DIELON",2020,"HF","2C",-72.18992,42.531705,13,133,275,142,1647.43611111111
"373","DIELON",2020,"HF","3",-72.18992,42.531705,7,128,282,154.5,1692.98611111111
"374","DIELON",2020,"HF","4",-72.18992,42.531705,7,122,275,153,1688.78333333333
"375","DIELON",2020,"SH","2A",-74.02507,45.932675,13,133,293,160,1727.46388888889
"376","DIELON",2020,"SH","2B",-74.02507,45.932675,13,133,293,160,1727.46388888889
"377","DIELON",2020,"SH","4",-74.02507,45.932675,13,133,293,160,1727.46388888889
"378","DIELON",2020,"SH","4",-74.02507,45.932675,14,133,275,142,1647.43611111111
"379","DIELON",2020,"SH","4",-74.02507,45.932675,7,122,268,146,1615.92222222222
"380","DIELON",2020,"WM","1A",-71.230138,44.112337,13,133,263,130,1546.76944444445
"381","DIELON",2020,"WM","1B",-71.230138,44.112337,13,133,241,108,1345.075
"382","DIELON",2020,"WM","1C",-71.230138,44.112337,13,133,293,160,1727.46388888889
"383","MYRGAL",2018,"GR","8A",-71.146683,44.794942,4,131,260,129,1472.75
"384","MYRGAL",2018,"GR","8B",-71.146683,44.794942,4,131,268,137,1524.00833333333
"385","MYRGAL",2018,"GR","8C",-71.146683,44.794942,4,124,288,164,1684.76388888889
"386","MYRGAL",2018,"GR","8D",-71.146683,44.794942,4,128,249,121,1388.575
"387","MYRGAL",2018,"SH","1",-74.02507,45.932675,8,124,253,129,1438.41944444444
"388","MYRGAL",2018,"SH","2",-74.02507,45.932675,8,124,274,150,1605.81666666666
"389","MYRGAL",2018,"SH","2B",-74.02507,45.932675,4,124,249,125,1411.60833333333
"390","MYRGAL",2018,"SH","99",-74.02507,45.932675,14,135,253,118,1376.36388888889
"391","MYRGAL",2018,"WM","6",-71.230138,44.112337,14,135,263,128,1476.94722222222
"392","MYRGAL",2018,"WM","6A",-71.230138,44.112337,11,124,253,129,1438.41944444444
"393","MYRGAL",2018,"WM","6A",-71.230138,44.112337,4,131,249,118,1370.68888888889
"394","MYRGAL",2018,"WM","6A",-71.230138,44.112337,8,124,249,125,1411.60833333333
"395","MYRGAL",2018,"WM","6B",-71.230138,44.112337,11,124,263,139,1539.00277777777
"396","MYRGAL",2018,"WM","6B",-71.230138,44.112337,8,124,274,150,1605.81666666666
"397","MYRGAL",2019,"GR","8A",-71.146683,44.794942,4,119,240,121,1216.84722222222
"398","MYRGAL",2019,"GR","8B",-71.146683,44.794942,4,150,240,90,1085.43611111111
"399","MYRGAL",2019,"GR","8D",-71.146683,44.794942,4,135,232,97,1099.10833333333
"400","MYRGAL",2019,"SH","1",-74.02507,45.932675,8,123,232,109,1131.75
"401","MYRGAL",2019,"SH","1A",-74.02507,45.932675,4,119,232,113,1136.08333333333
"402","MYRGAL",2019,"SH","1B",-74.02507,45.932675,4,135,232,97,1099.10833333333
"403","MYRGAL",2019,"SH","2",-74.02507,45.932675,8,127,232,105,1120.3
"404","MYRGAL",2019,"SH","2A",-74.02507,45.932675,4,115,240,125,1222.28888888889
"405","MYRGAL",2019,"SH","2B",-74.02507,45.932675,4,129,240,111,1194.95277777777
"406","MYRGAL",2019,"SH","99",-74.02507,45.932675,14,119,232,113,1136.08333333333
"407","MYRGAL",2019,"WM","6",-71.230138,44.112337,14,119,232,113,1136.08333333333
"408","MYRGAL",2019,"WM","6A",-71.230138,44.112337,11,129,232,103,1114.18888888888
"409","MYRGAL",2019,"WM","6A",-71.230138,44.112337,4,127,232,105,1120.3
"410","MYRGAL",2019,"WM","6A",-71.230138,44.112337,8,119,232,113,1136.08333333333
"411","MYRGAL",2019,"WM","6B",-71.230138,44.112337,11,119,232,113,1136.08333333333
"412","MYRGAL",2019,"WM","6B",-71.230138,44.112337,4,127,232,105,1120.3
"413","MYRGAL",2019,"WM","6B",-71.230138,44.112337,8,119,232,113,1136.08333333333
"414","MYRGAL",2020,"GR","8A",-71.146683,44.794942,4,143,293,150,1673.36388888889
"415","MYRGAL",2020,"GR","8C",-71.146683,44.794942,4,128,229,101.5,1204.62777777778
"416","MYRGAL",2020,"GR","8D",-71.146683,44.794942,4,148,220,72,960.927777777777
"417","MYRGAL",2020,"SH","1",-74.02507,45.932675,8,135,248,113,1407.09166666667
"418","MYRGAL",2020,"SH","1A",-74.02507,45.932675,4,130,229,98.5,1202.38611111111
"419","MYRGAL",2020,"SH","1B",-74.02507,45.932675,4,135,229,94,1183.37222222222
"420","MYRGAL",2020,"SH","2",-74.02507,45.932675,8,133,268,135,1574.575
"421","MYRGAL",2020,"SH","2A",-74.02507,45.932675,4,133,282,149,1680.825
"422","MYRGAL",2020,"SH","2B",-74.02507,45.932675,4,133,229,96,1192.46666666667
"423","MYRGAL",2020,"SH","99",-74.02507,45.932675,14,133,248,115,1416.18611111112
"424","MYRGAL",2020,"WM","6",-71.230138,44.112337,14,133,229,96,1192.46666666667
"425","MYRGAL",2020,"WM","6A",-71.230138,44.112337,11,135,229,94,1183.37222222222
"426","MYRGAL",2020,"WM","6A",-71.230138,44.112337,4,133,229,96,1192.46666666667
"427","MYRGAL",2020,"WM","6A",-71.230138,44.112337,8,133,248,115,1416.18611111112
"428","MYRGAL",2020,"WM","6B",-71.230138,44.112337,11,133,229,96,1192.46666666667
"429","MYRGAL",2020,"WM","6B",-71.230138,44.112337,4,148,282,134,1593.96111111111
"430","MYRGAL",2020,"WM","6B",-71.230138,44.112337,8,133,248,115,1416.18611111112
"431","QUEALB",2018,"HF","4",-72.18992,42.531705,15,138,274,136,1529.42777777777
"432","QUEALB",2018,"HF","4A",-72.18992,42.531705,16,142,274,132,1506.14722222222
"433","QUEALB",2019,"HF","4",-72.18992,42.531705,15,140,253,113,1262.06944444444
"434","QUEALB",2019,"HF","4A",-72.18992,42.531705,16,127,245,118,1253.39444444445
"435","QUEALB",2019,"HF","4B",-72.18992,42.531705,16,147,240,93,1093.13055555555
"436","QUEALB",2020,"HF","4A",-72.18992,42.531705,16,143,293,150,1673.36388888889
"437","QUERUB",2018,"HF","9",-72.18992,42.531705,5,124,288,164,1684.76388888889
"438","QUERUB",2018,"WM","9",-71.230138,44.112337,9,138,297,159,1625.11944444444
"439","QUERUB",2019,"HF","9",-72.18992,42.531705,5,123,232,109,1131.75
"440","QUERUB",2019,"HF","99",-72.18992,42.531705,5,147,240,93,1093.13055555555
"441","QUERUB",2019,"WM","9",-71.230138,44.112337,9,140,240,100,1143.37777777777
"442","QUERUB",2020,"HF","9",-72.18992,42.531705,5,133,293,160,1727.46388888889
"443","QUERUB",2020,"HF","99",-72.18992,42.531705,5,143,293,150,1673.36388888889
"444","SAMRAC",2018,"GR","4",-71.146683,44.794942,7,121,253,132,1480.71944444444
"445","SAMRAC",2018,"GR","4A",-71.146683,44.794942,14,135,268,133,1502.87222222222
"446","SAMRAC",2018,"GR","7A",-71.146683,44.794942,7,121,253,132,1480.71944444444
"447","SAMRAC",2018,"GR","9",-71.146683,44.794942,7,124,260,136,1513.66944444444
"448","SAMRAC",2018,"HF","A",-72.18992,42.531705,10,124,277,153,1622.10555555555
"449","SAMRAC",2018,"HF","A",-72.18992,42.531705,13,124,281,157,1643.525
"450","SAMRAC",2018,"HF","B",-72.18992,42.531705,10,124,263,139,1539.00277777777
"451","SAMRAC",2018,"HF","B",-72.18992,42.531705,13,124,274,150,1605.81666666666
"452","SAMRAC",2018,"HF","C",-72.18992,42.531705,13,124,288,164,1684.76388888889
"453","SAMRAC",2018,"HF","D",-72.18992,42.531705,13,124,288,164,1684.76388888889
"454","SAMRAC",2019,"GR","1",-71.146683,44.794942,10,119,232,113,1136.08333333333
"455","SAMRAC",2019,"GR","2",-71.146683,44.794942,7,112,240,128,1230.12222222222
"456","SAMRAC",2019,"GR","4",-71.146683,44.794942,7,112,232,120,1149.35833333333
"457","SAMRAC",2019,"GR","4A",-71.146683,44.794942,14,135,232,97,1099.10833333333
"458","SAMRAC",2019,"GR","7",-71.146683,44.794942,10,112,232,120,1149.35833333333
"459","SAMRAC",2019,"GR","7A",-71.146683,44.794942,7,112,232,120,1149.35833333333
"460","SAMRAC",2019,"GR","7B",-71.146683,44.794942,7,112,232,120,1149.35833333333
"461","SAMRAC",2019,"GR","8",-71.146683,44.794942,13,112,232,120,1149.35833333333
"462","SAMRAC",2019,"GR","9",-71.146683,44.794942,7,112,232,120,1149.35833333333
"463","SAMRAC",2019,"HF","A",-72.18992,42.531705,10,115,240,125,1222.28888888889
"464","SAMRAC",2019,"HF","A",-72.18992,42.531705,13,115,245,130,1274.61944444445
"465","SAMRAC",2019,"HF","B",-72.18992,42.531705,10,115,249,134,1310.35
"466","SAMRAC",2019,"HF","B",-72.18992,42.531705,13,119,240,121,1216.84722222222
"467","SAMRAC",2019,"HF","C",-72.18992,42.531705,13,115,240,125,1222.28888888889
"468","SAMRAC",2019,"HF","D",-72.18992,42.531705,13,115,240,125,1222.28888888889
"469","SAMRAC",2020,"GR","2",-71.146683,44.794942,7,120,241,120.5,1392.46111111111
"470","SAMRAC",2020,"GR","4",-71.146683,44.794942,10,133,275,142,1647.43611111111
"471","SAMRAC",2020,"GR","4",-71.146683,44.794942,7,120,241,120.5,1392.46111111111
"472","SAMRAC",2020,"GR","7A",-71.146683,44.794942,7,122,275,153,1688.78333333333
"473","SAMRAC",2020,"GR","7B",-71.146683,44.794942,7,126,241,115,1362.51666666666
"474","SAMRAC",2020,"GR","8",-71.146683,44.794942,13,133,293,160,1727.46388888889
"475","SAMRAC",2020,"GR","9",-71.146683,44.794942,7,120,241,120.5,1392.46111111111
"476","SAMRAC",2020,"HF","A",-72.18992,42.531705,10,133,293,160,1727.46388888889
"477","SAMRAC",2020,"HF","A",-72.18992,42.531705,13,133,275,142,1647.43611111111
"478","SAMRAC",2020,"HF","B",-72.18992,42.531705,13,133,229,96,1192.46666666667
"479","SAMRAC",2020,"HF","C",-72.18992,42.531705,13,133,268,135,1574.575
"480","SAMRAC",2020,"HF","D",-72.18992,42.531705,13,133,275,142,1647.43611111111
"481","SORAME",2018,"GR","9A",-71.146683,44.794942,10,138,297,159,1625.11944444444
"482","SORAME",2018,"GR","9A",-71.146683,44.794942,7,131,263,132,1498.08333333333
"483","SORAME",2018,"GR","9B",-71.146683,44.794942,10,131,260,129,1472.75
"484","SORAME",2018,"GR","9B",-71.146683,44.794942,7,131,288,157,1643.84444444445
"485","SORAME",2018,"GR","9C",-71.146683,44.794942,7,135,263,128,1476.94722222222
"486","SORAME",2018,"SH","3",-74.02507,45.932675,13,135,281,146,1581.46944444445
"487","SORAME",2018,"SH","3",-74.02507,45.932675,14,138,263,125,1462.61388888888
"488","SORAME",2018,"SH","3",-74.02507,45.932675,7,131,253,122,1397.5
"489","SORAME",2019,"GR","9A",-71.146683,44.794942,7,141,232,91,1055.87777777777
"490","SORAME",2019,"GR","9B",-71.146683,44.794942,10,119,232,113,1136.08333333333
"491","SORAME",2019,"GR","9B",-71.146683,44.794942,7,115,232,117,1141.525
"492","SORAME",2019,"GR","9C",-71.146683,44.794942,7,123,232,109,1131.75
"493","SORAME",2019,"GR","9D",-71.146683,44.794942,7,135,232,97,1099.10833333333
"494","SORAME",2019,"SH","1A",-74.02507,45.932675,13,132,232,99.5,1102.75
"495","SORAME",2019,"SH","1B",-74.02507,45.932675,13,115,232,117,1141.525
"496","SORAME",2019,"SH","3",-74.02507,45.932675,13,140,245,105,1195.70833333333
"497","SORAME",2019,"SH","3",-74.02507,45.932675,14,127,232,105,1120.3
"498","SORAME",2019,"SH","3",-74.02507,45.932675,7,119,232,113,1136.08333333333
"499","SORAME",2020,"GR","9B",-71.146683,44.794942,7,135,275,140,1638.34166666666
"500","SORAME",2020,"GR","9C",-71.146683,44.794942,7,143,229,86,1138.36666666667
"501","SORAME",2020,"SH","3",-74.02507,45.932675,14,143,263,120,1492.66944444445
"502","SORAME",2020,"SH","3",-74.02507,45.932675,7,143,263,120,1492.66944444445
"503","SPIALB",2018,"GR","12",-71.146683,44.794942,4,121,270,149,1628.475
"504","SPIALB",2018,"GR","12A",-71.146683,44.794942,8,121,268,147,1607.22777777777
"505","SPIALB",2018,"GR","3",-71.146683,44.794942,8,121,268,147,1607.22777777777
"506","SPIALB",2018,"GR","7",-71.146683,44.794942,4,124,263,139,1539.00277777777
"507","SPIALB",2018,"GR","9",-71.146683,44.794942,8,121,277,156,1664.40555555555
"508","SPIALB",2018,"HF","1",-72.18992,42.531705,4,121,311,190,1769.05
"509","SPIALB",2018,"HF","2",-72.18992,42.531705,8,124,277,153,1622.10555555555
"510","SPIALB",2018,"HF","3",-72.18992,42.531705,8,121,277,156,1664.40555555555
"511","SPIALB",2018,"HF","4A",-72.18992,42.531705,4,124,288,164,1684.76388888889
"512","SPIALB",2018,"HF","4B",-72.18992,42.531705,11,124,263,139,1539.00277777777
"513","SPIALB",2018,"SH","1",-74.02507,45.932675,4,124,268,144,1564.92777777777
"514","SPIALB",2018,"SH","4A",-74.02507,45.932675,4,121,297,176,1743.80833333333
"515","SPIALB",2018,"SH","7",-74.02507,45.932675,4,121,288,167,1727.06388888889
"516","SPIALB",2018,"SH","7B",-74.02507,45.932675,8,121,270,149,1628.475
"517","SPIALB",2018,"SH","9A",-74.02507,45.932675,4,121,288,167,1727.06388888889
"518","SPIALB",2018,"SH","9B",-74.02507,45.932675,4,121,277,156,1664.40555555555
"519","SPIALB",2018,"WM","2A",-71.230138,44.112337,4,124,288,164,1684.76388888889
"520","SPIALB",2018,"WM","2B",-71.230138,44.112337,11,124,297,173,1701.50833333333
"521","SPIALB",2018,"WM","2B",-71.230138,44.112337,4,124,268,144,1564.92777777777
"522","SPIALB",2018,"WM","4A",-71.230138,44.112337,11,121,288,167,1727.06388888889
"523","SPIALB",2018,"WM","4B",-71.230138,44.112337,11,121,277,156,1664.40555555555
"524","SPIALB",2018,"WM","4C",-71.230138,44.112337,11,121,277,156,1664.40555555555
"525","SPIALB",2018,"WM","7A",-71.230138,44.112337,4,124,281,157,1643.525
"526","SPIALB",2018,"WM","7B",-71.230138,44.112337,4,121,288,167,1727.06388888889
"527","SPIALB",2018,"WM","7B",-71.230138,44.112337,8,128,281,153,1620.49166666667
"528","SPIALB",2019,"GR","12",-71.146683,44.794942,4,112,240,128,1230.12222222222
"529","SPIALB",2019,"GR","12A",-71.146683,44.794942,8,127,240,113,1201.06388888889
"530","SPIALB",2019,"GR","12B",-71.146683,44.794942,8,115,240,125,1222.28888888889
"531","SPIALB",2019,"GR","3",-71.146683,44.794942,4,112,240,128,1230.12222222222
"532","SPIALB",2019,"GR","3",-71.146683,44.794942,8,112,245,133,1282.45277777778
"533","SPIALB",2019,"GR","7",-71.146683,44.794942,4,112,240,128,1230.12222222222
"534","SPIALB",2019,"GR","9",-71.146683,44.794942,8,112,240,128,1230.12222222222
"535","SPIALB",2019,"HF","1",-72.18992,42.531705,4,112,240,128,1230.12222222222
"536","SPIALB",2019,"HF","10",-72.18992,42.531705,11,112,240,128,1230.12222222222
"537","SPIALB",2019,"HF","2",-72.18992,42.531705,8,115,240,125,1222.28888888889
"538","SPIALB",2019,"HF","3",-72.18992,42.531705,8,112,240,128,1230.12222222222
"539","SPIALB",2019,"HF","4A",-72.18992,42.531705,11,112,245,133,1282.45277777778
"540","SPIALB",2019,"HF","4A",-72.18992,42.531705,4,112,240,128,1230.12222222222
"541","SPIALB",2019,"HF","4B",-72.18992,42.531705,11,115,245,130,1274.61944444445
"542","SPIALB",2019,"HF","8",-72.18992,42.531705,4,112,240,128,1230.12222222222
"543","SPIALB",2019,"SH","1",-74.02507,45.932675,4,112,232,120,1149.35833333333
"544","SPIALB",2019,"SH","4A",-74.02507,45.932675,4,112,240,128,1230.12222222222
"545","SPIALB",2019,"SH","4B",-74.02507,45.932675,4,115,249,134,1310.35
"546","SPIALB",2019,"SH","7",-74.02507,45.932675,4,115,240,125,1222.28888888889
"547","SPIALB",2019,"SH","7A",-74.02507,45.932675,8,112,240,128,1230.12222222222
"548","SPIALB",2019,"SH","7B",-74.02507,45.932675,8,112,240,128,1230.12222222222
"549","SPIALB",2019,"SH","8",-74.02507,45.932675,4,112,245,133,1282.45277777778
"550","SPIALB",2019,"SH","9A",-74.02507,45.932675,4,112,240,128,1230.12222222222
"551","SPIALB",2019,"SH","9B",-74.02507,45.932675,4,115,240,125,1222.28888888889
"552","SPIALB",2019,"WM","2A",-71.230138,44.112337,4,115,240,125,1222.28888888889
"553","SPIALB",2019,"WM","2B",-71.230138,44.112337,11,112,240,128,1230.12222222222
"554","SPIALB",2019,"WM","2B",-71.230138,44.112337,4,115,240,125,1222.28888888889
"555","SPIALB",2019,"WM","4A",-71.230138,44.112337,11,112,245,133,1282.45277777778
"556","SPIALB",2019,"WM","4B",-71.230138,44.112337,11,112,240,128,1230.12222222222
"557","SPIALB",2019,"WM","4C",-71.230138,44.112337,11,112,256,144,1373.16666666667
"558","SPIALB",2019,"WM","5",-71.230138,44.112337,11,112,240,128,1230.12222222222
"559","SPIALB",2019,"WM","7A",-71.230138,44.112337,4,112,240,128,1230.12222222222
"560","SPIALB",2019,"WM","7A",-71.230138,44.112337,8,112,245,133,1282.45277777778
"561","SPIALB",2019,"WM","7B",-71.230138,44.112337,4,112,240,128,1230.12222222222
"562","SPIALB",2019,"WM","7B",-71.230138,44.112337,8,112,240,128,1230.12222222222
"563","SPIALB",2020,"GR","12",-71.146683,44.794942,4,122,268,146,1615.92222222222
"564","SPIALB",2020,"GR","12A",-71.146683,44.794942,8,122,255,133,1537.14444444445
"565","SPIALB",2020,"GR","12B",-71.146683,44.794942,8,133,275,142,1647.43611111111
"566","SPIALB",2020,"GR","3",-71.146683,44.794942,4,122,275,153,1688.78333333333
"567","SPIALB",2020,"GR","3",-71.146683,44.794942,8,133,229,96,1192.46666666667
"568","SPIALB",2020,"GR","5",-71.146683,44.794942,8,108,255,147,1553.76388888889
"569","SPIALB",2020,"GR","7",-71.146683,44.794942,4,124,275,151.5,1673.51944444444
"570","SPIALB",2020,"GR","9",-71.146683,44.794942,8,133,293,160,1727.46388888889
"571","SPIALB",2020,"HF","1",-72.18992,42.531705,4,120,275,154.5,1694.82222222222
"572","SPIALB",2020,"HF","10",-72.18992,42.531705,11,133,275,142,1647.43611111111
"573","SPIALB",2020,"HF","2",-72.18992,42.531705,8,133,293,160,1727.46388888889
"574","SPIALB",2020,"HF","3",-72.18992,42.531705,8,133,275,142,1647.43611111111
"575","SPIALB",2020,"HF","4A",-72.18992,42.531705,11,133,293,160,1727.46388888889
"576","SPIALB",2020,"HF","4A",-72.18992,42.531705,4,122,275,153,1688.78333333333
"577","SPIALB",2020,"HF","4B",-72.18992,42.531705,11,133,293,160,1727.46388888889
"578","SPIALB",2020,"HF","8",-72.18992,42.531705,4,116,275,158.5,1695.60555555555
"579","SPIALB",2020,"SH","1",-74.02507,45.932675,4,116,275,158.5,1695.60555555555
"580","SPIALB",2020,"SH","4A",-74.02507,45.932675,4,116,282,165.5,1728.99444444444
"581","SPIALB",2020,"SH","4B",-74.02507,45.932675,4,120,275,154.5,1694.82222222222
"582","SPIALB",2020,"SH","7",-74.02507,45.932675,4,124,282,158.5,1706.90833333333
"583","SPIALB",2020,"SH","7A",-74.02507,45.932675,8,133,293,160,1727.46388888889
"584","SPIALB",2020,"SH","7B",-74.02507,45.932675,8,133,275,142,1647.43611111111
"585","SPIALB",2020,"SH","8",-74.02507,45.932675,4,120,275,154.5,1694.82222222222
"586","SPIALB",2020,"SH","9A",-74.02507,45.932675,4,130,282,151.5,1690.74444444444
"587","SPIALB",2020,"SH","9B",-74.02507,45.932675,4,122,268,146,1615.92222222222
"588","SPIALB",2020,"WM","2A",-71.230138,44.112337,4,122,282,160,1722.17222222222
"589","SPIALB",2020,"WM","2B",-71.230138,44.112337,11,133,293,160,1727.46388888889
"590","SPIALB",2020,"WM","2B",-71.230138,44.112337,4,126,275,149,1664.87777777777
"591","SPIALB",2020,"WM","4A",-71.230138,44.112337,11,133,293,160,1727.46388888889
"592","SPIALB",2020,"WM","4B",-71.230138,44.112337,11,133,293,160,1727.46388888889
"593","SPIALB",2020,"WM","4C",-71.230138,44.112337,11,133,293,160,1727.46388888889
"594","SPIALB",2020,"WM","5",-71.230138,44.112337,11,133,268,135,1574.575
"595","SPIALB",2020,"WM","7A",-71.230138,44.112337,4,120,275,154.5,1694.82222222222
"596","SPIALB",2020,"WM","7A",-71.230138,44.112337,8,122,248,126,1457.53333333334
"597","SPIALB",2020,"WM","7B",-71.230138,44.112337,4,124,282,158.5,1706.90833333333
"598","SPIALB",2020,"WM","7B",-71.230138,44.112337,8,133,255,122,1495.79722222223
"599","SPITOM",2018,"GR","1",-71.146683,44.794942,8,124,263,139,1539.00277777777
"600","SPITOM",2018,"GR","1A",-71.146683,44.794942,11,124,263,139,1539.00277777777
"601","SPITOM",2018,"HF","13",-72.18992,42.531705,8,124,263,139,1539.00277777777
"602","SPITOM",2018,"HF","4",-72.18992,42.531705,8,124,260,136,1513.66944444444
"603","SPITOM",2018,"HF","6B",-72.18992,42.531705,8,124,268,144,1564.92777777777
"604","SPITOM",2018,"HF","9A",-72.18992,42.531705,8,121,263,142,1581.30277777777
"605","SPITOM",2018,"SH","9",-74.02507,45.932675,4,124,260,136,1513.66944444444
"606","SPITOM",2018,"SH","99",-74.02507,45.932675,4,124,268,144,1564.92777777777
"607","SPITOM",2018,"SH","99B",-74.02507,45.932675,11,124,268,144,1564.92777777777
"608","SPITOM",2018,"SH","99C",-74.02507,45.932675,11,124,274,150,1605.81666666666
"609","SPITOM",2018,"SH","99E",-74.02507,45.932675,11,124,281,157,1643.525
"610","SPITOM",2018,"SH","99F",-74.02507,45.932675,11,124,268,144,1564.92777777777
"611","SPITOM",2018,"WM","4A",-71.230138,44.112337,8,124,263,139,1539.00277777777
"612","SPITOM",2018,"WM","4B",-71.230138,44.112337,8,124,268,144,1564.92777777777
"613","SPITOM",2018,"WM","5",-71.230138,44.112337,8,124,268,144,1564.92777777777
"614","SPITOM",2018,"WM","5A",-71.230138,44.112337,4,124,268,144,1564.92777777777
"615","SPITOM",2018,"WM","5B",-71.230138,44.112337,4,124,260,136,1513.66944444444
"616","SPITOM",2018,"WM","5C",-71.230138,44.112337,4,124,281,157,1643.525
"617","SPITOM",2018,"WM","5E",-71.230138,44.112337,4,124,288,164,1684.76388888889
"618","SPITOM",2019,"GR","1",-71.146683,44.794942,8,119,240,121,1216.84722222222
"619","SPITOM",2019,"GR","1A",-71.146683,44.794942,11,119,240,121,1216.84722222222
"620","SPITOM",2019,"GR","1B",-71.146683,44.794942,11,115,240,125,1222.28888888889
"621","SPITOM",2019,"GR","2B",-71.146683,44.794942,8,112,240,128,1230.12222222222
"622","SPITOM",2019,"GR","2C",-71.146683,44.794942,8,119,245,126,1269.17777777778
"623","SPITOM",2019,"GR","2D",-71.146683,44.794942,8,119,240,121,1216.84722222222
"624","SPITOM",2019,"HF","13",-72.18992,42.531705,8,119,240,121,1216.84722222222
"625","SPITOM",2019,"HF","4",-72.18992,42.531705,8,119,240,121,1216.84722222222
"626","SPITOM",2019,"HF","5",-72.18992,42.531705,11,150,240,90,1085.43611111111
"627","SPITOM",2019,"HF","6",-72.18992,42.531705,11,155,240,85,1053.225
"628","SPITOM",2019,"HF","6A",-72.18992,42.531705,8,115,240,125,1222.28888888889
"629","SPITOM",2019,"HF","6B",-72.18992,42.531705,8,119,240,121,1216.84722222222
"630","SPITOM",2019,"HF","9A",-72.18992,42.531705,8,119,240,121,1216.84722222222
"631","SPITOM",2019,"HF","9B",-72.18992,42.531705,8,119,240,121,1216.84722222222
"632","SPITOM",2019,"SH","9",-74.02507,45.932675,4,119,245,126,1269.17777777778
"633","SPITOM",2019,"SH","99",-74.02507,45.932675,4,119,240,121,1216.84722222222
"634","SPITOM",2019,"SH","99B",-74.02507,45.932675,11,119,240,121,1216.84722222222
"635","SPITOM",2019,"SH","99C",-74.02507,45.932675,11,119,240,121,1216.84722222222
"636","SPITOM",2019,"SH","99D",-74.02507,45.932675,11,119,240,121,1216.84722222222
"637","SPITOM",2019,"SH","99E",-74.02507,45.932675,11,119,240,121,1216.84722222222
"638","SPITOM",2019,"SH","99F",-74.02507,45.932675,11,135,240,105,1179.87222222222
"639","SPITOM",2019,"WM","4A",-71.230138,44.112337,8,115,240,125,1222.28888888889
"640","SPITOM",2019,"WM","4B",-71.230138,44.112337,8,115,240,125,1222.28888888889
"641","SPITOM",2019,"WM","5",-71.230138,44.112337,8,115,240,125,1222.28888888889
"642","SPITOM",2019,"WM","5A",-71.230138,44.112337,4,115,240,125,1222.28888888889
"643","SPITOM",2019,"WM","5B",-71.230138,44.112337,4,115,240,125,1222.28888888889
"644","SPITOM",2019,"WM","5D",-71.230138,44.112337,4,119,240,121,1216.84722222222
"645","SPITOM",2019,"WM","5E",-71.230138,44.112337,4,119,240,121,1216.84722222222
"646","SPITOM",2020,"GR","1",-71.146683,44.794942,8,133,268,135,1574.575
"647","SPITOM",2020,"GR","1A",-71.146683,44.794942,11,133,255,122,1495.79722222223
"648","SPITOM",2020,"GR","1B",-71.146683,44.794942,11,133,255,122,1495.79722222223
"649","SPITOM",2020,"GR","2B",-71.146683,44.794942,8,126,248,122,1433.62777777778
"650","SPITOM",2020,"GR","2C",-71.146683,44.794942,8,133,248,115,1416.18611111112
"651","SPITOM",2020,"GR","2D",-71.146683,44.794942,8,133,248,115,1416.18611111112
"652","SPITOM",2020,"HF","13",-72.18992,42.531705,8,133,293,160,1727.46388888889
"653","SPITOM",2020,"HF","4",-72.18992,42.531705,8,133,255,122,1495.79722222223
"654","SPITOM",2020,"HF","6",-72.18992,42.531705,11,133,255,122,1495.79722222223
"655","SPITOM",2020,"HF","6A",-72.18992,42.531705,8,126,248,122,1433.62777777778
"656","SPITOM",2020,"HF","6B",-72.18992,42.531705,8,133,293,160,1727.46388888889
"657","SPITOM",2020,"HF","9A",-72.18992,42.531705,8,133,275,142,1647.43611111111
"658","SPITOM",2020,"HF","9B",-72.18992,42.531705,8,133,255,122,1495.79722222223
"659","SPITOM",2020,"SH","9",-74.02507,45.932675,4,130,282,151.5,1690.74444444444
"660","SPITOM",2020,"SH","99",-74.02507,45.932675,4,135,275,140,1638.34166666666
"661","SPITOM",2020,"SH","99B",-74.02507,45.932675,11,133,255,122,1495.79722222223
"662","SPITOM",2020,"SH","99C",-74.02507,45.932675,11,133,275,142,1647.43611111111
"663","SPITOM",2020,"SH","99D",-74.02507,45.932675,11,133,255,122,1495.79722222223
"664","SPITOM",2020,"SH","99E",-74.02507,45.932675,11,133,248,115,1416.18611111112
"665","SPITOM",2020,"SH","99F",-74.02507,45.932675,11,133,248,115,1416.18611111112
"666","SPITOM",2020,"WM","4A",-71.230138,44.112337,8,124,255,131.5,1521.88055555556
"667","SPITOM",2020,"WM","4B",-71.230138,44.112337,8,133,255,122,1495.79722222223
"668","SPITOM",2020,"WM","5",-71.230138,44.112337,8,133,275,142,1647.43611111111
"669","SPITOM",2020,"WM","5A",-71.230138,44.112337,4,130,263,132.5,1556.68888888889
"670","SPITOM",2020,"WM","5B",-71.230138,44.112337,4,133,282,149,1680.825
"671","SPITOM",2020,"WM","5D",-71.230138,44.112337,4,124,275,151.5,1673.51944444444
"672","SPITOM",2020,"WM","5E",-71.230138,44.112337,4,119,275,156,1695.60555555555
"673","VACMYR",2018,"WM","5",-71.230138,44.112337,13,131,242,111,1273.74166666667
"674","VACMYR",2019,"WM","5",-71.230138,44.112337,13,147,249,102,1181.19166666666
"675","VIBCAS",2018,"GR","10",-71.146683,44.794942,4,124,297,173,1701.50833333333
"676","VIBCAS",2018,"GR","12A",-71.146683,44.794942,4,124,281,157,1643.525
"677","VIBCAS",2018,"GR","12B",-71.146683,44.794942,4,124,297,173,1701.50833333333
"678","VIBCAS",2018,"GR","12B",-71.146683,44.794942,8,121,297,176,1743.80833333333
"679","VIBCAS",2018,"GR","3",-71.146683,44.794942,14,135,311,176,1664.69444444445
"680","VIBCAS",2018,"HF","7A",-72.18992,42.531705,14,135,253,118,1376.36388888889
"681","VIBCAS",2018,"SH","1",-74.02507,45.932675,4,121,288,167,1727.06388888889
"682","VIBCAS",2018,"SH","1A",-74.02507,45.932675,8,121,297,176,1743.80833333333
"683","VIBCAS",2018,"SH","1B",-74.02507,45.932675,8,128,268,140,1541.89444444444
"684","VIBCAS",2018,"SH","5",-74.02507,45.932675,4,124,253,129,1438.41944444444
"685","VIBCAS",2018,"SH","5A",-74.02507,45.932675,8,124,288,164,1684.76388888889
"686","VIBCAS",2018,"SH","5C",-74.02507,45.932675,8,124,263,139,1539.00277777777
"687","VIBCAS",2018,"SH","9",-74.02507,45.932675,11,124,274,150,1605.81666666666
"688","VIBCAS",2018,"WM","10",-71.230138,44.112337,11,121,263,142,1581.30277777777
"689","VIBCAS",2018,"WM","7",-71.230138,44.112337,14,135,297,162,1639.45277777778
"690","VIBCAS",2018,"WM","9A",-71.230138,44.112337,11,124,297,173,1701.50833333333
"691","VIBCAS",2018,"WM","9A",-71.230138,44.112337,8,124,297,173,1701.50833333333
"692","VIBCAS",2018,"WM","9B",-71.230138,44.112337,11,124,268,144,1564.92777777777
"693","VIBCAS",2018,"WM","9B",-71.230138,44.112337,8,124,288,164,1684.76388888889
"694","VIBCAS",2019,"GR","10",-71.146683,44.794942,11,115,232,117,1141.525
"695","VIBCAS",2019,"GR","10",-71.146683,44.794942,4,115,232,117,1141.525
"696","VIBCAS",2019,"GR","12A",-71.146683,44.794942,4,115,253,138,1340.98055555556
"697","VIBCAS",2019,"GR","12A",-71.146683,44.794942,8,112,240,128,1230.12222222222
"698","VIBCAS",2019,"GR","12B",-71.146683,44.794942,4,115,240,125,1222.28888888889
"699","VIBCAS",2019,"GR","12B",-71.146683,44.794942,8,112,245,133,1282.45277777778
"700","VIBCAS",2019,"GR","3",-71.146683,44.794942,14,115,245,130,1274.61944444445
"701","VIBCAS",2019,"GR","5",-71.146683,44.794942,8,112,245,133,1282.45277777778
"702","VIBCAS",2019,"GR","9",-71.146683,44.794942,4,112,240,128,1230.12222222222
"703","VIBCAS",2019,"HF","7A",-72.18992,42.531705,14,119,232,113,1136.08333333333
"704","VIBCAS",2019,"SH","1",-74.02507,45.932675,4,115,240,125,1222.28888888889
"705","VIBCAS",2019,"SH","1A",-74.02507,45.932675,8,112,245,133,1282.45277777778
"706","VIBCAS",2019,"SH","1B",-74.02507,45.932675,8,115,232,117,1141.525
"707","VIBCAS",2019,"SH","5",-74.02507,45.932675,4,112,240,128,1230.12222222222
"708","VIBCAS",2019,"SH","5A",-74.02507,45.932675,8,115,232,117,1141.525
"709","VIBCAS",2019,"SH","5B",-74.02507,45.932675,8,112,245,133,1282.45277777778
"710","VIBCAS",2019,"SH","9",-74.02507,45.932675,11,119,245,126,1269.17777777778
"711","VIBCAS",2019,"WM","10",-71.230138,44.112337,11,112,232,120,1149.35833333333
"712","VIBCAS",2019,"WM","4",-71.230138,44.112337,11,112,232,120,1149.35833333333
"713","VIBCAS",2019,"WM","4",-71.230138,44.112337,4,115,267,152,1458.98888888889
"714","VIBCAS",2019,"WM","4",-71.230138,44.112337,8,115,245,130,1274.61944444445
"715","VIBCAS",2019,"WM","7",-71.230138,44.112337,14,119,263,144,1404.72222222222
"716","VIBCAS",2019,"WM","9A",-71.230138,44.112337,11,119,232,113,1136.08333333333
"717","VIBCAS",2019,"WM","9A",-71.230138,44.112337,8,112,240,128,1230.12222222222
"718","VIBCAS",2019,"WM","9B",-71.230138,44.112337,11,112,232,120,1149.35833333333
"719","VIBCAS",2019,"WM","9B",-71.230138,44.112337,8,114,240,126.5,1224.38611111111
"720","VIBCAS",2020,"GR","10",-71.146683,44.794942,11,133,268,135,1574.575
"721","VIBCAS",2020,"GR","10",-71.146683,44.794942,4,124,241,117.5,1371.15833333333
"722","VIBCAS",2020,"GR","12A",-71.146683,44.794942,4,120,220,99.5,1095.17777777778
"723","VIBCAS",2020,"GR","12A",-71.146683,44.794942,8,122,248,126,1457.53333333334
"724","VIBCAS",2020,"GR","12B",-71.146683,44.794942,4,122,241,119,1386.42222222222
"725","VIBCAS",2020,"GR","12B",-71.146683,44.794942,8,133,255,122,1495.79722222223
"726","VIBCAS",2020,"GR","3",-71.146683,44.794942,14,133,275,142,1647.43611111111
"727","VIBCAS",2020,"GR","5",-71.146683,44.794942,8,133,229,96,1192.46666666667
"728","VIBCAS",2020,"GR","9",-71.146683,44.794942,4,126,229,103,1209.90833333333
"729","VIBCAS",2020,"HF","7A",-72.18992,42.531705,14,133,293,160,1727.46388888889
"730","VIBCAS",2020,"SH","1",-74.02507,45.932675,4,122,301,179,1801.00555555556
"731","VIBCAS",2020,"SH","1A",-74.02507,45.932675,8,108,248,140,1474.15277777778
"732","VIBCAS",2020,"SH","1B",-74.02507,45.932675,8,133,263,130,1546.76944444445
"733","VIBCAS",2020,"SH","5",-74.02507,45.932675,4,126,301,175,1777.1
"734","VIBCAS",2020,"SH","5A",-74.02507,45.932675,8,126,293,167,1744.90555555555
"735","VIBCAS",2020,"SH","5B",-74.02507,45.932675,8,128,268,140.5,1586.73611111111
"736","VIBCAS",2020,"SH","5C",-74.02507,45.932675,8,130,293,162.5,1737.38333333333
"737","VIBCAS",2020,"SH","9",-74.02507,45.932675,11,133,268,135,1574.575
"738","VIBCAS",2020,"WM","10",-71.230138,44.112337,11,133,268,135,1574.575
"739","VIBCAS",2020,"WM","4",-71.230138,44.112337,11,133,268,135,1574.575
"740","VIBCAS",2020,"WM","4",-71.230138,44.112337,4,124,220,96.5,1073.875
"741","VIBCAS",2020,"WM","4",-71.230138,44.112337,8,124,268,144.5,1600.65833333333
"742","VIBCAS",2020,"WM","7",-71.230138,44.112337,14,133,275,142,1647.43611111111
"743","VIBCAS",2020,"WM","9A",-71.230138,44.112337,11,133,275,142,1647.43611111111
"744","VIBCAS",2020,"WM","9A",-71.230138,44.112337,8,133,275,142,1647.43611111111
"745","VIBCAS",2020,"WM","9B",-71.230138,44.112337,11,133,268,135,1574.575
"746","VIBCAS",2020,"WM","9B",-71.230138,44.112337,8,133,275,142,1647.43611111111
