id,species,site,ind,leaf,SLA,LDMC,year
MYRGAL_SH_2_2,MYRGAL,SH,2,2,28.65263158,28.84615385,2022
BETPOP_GR_A_2,BETPOP,GR,A,2,169.8696336,34.69885156,2019
SPITOM_SH_99E_1,SPITOM,SH,99E,1,21.24192391,34.99120824,2019
SPITOM_HF_6A_2,SPITOM,HF,6A,2,23.58823529,41.1852404,2022
SPIALB_HF_4B_2,SPIALB,HF,4B,2,28.22277228,41.25816993,2022
ALNINC_GR_8B_2,ALNINC,GR,8B,2,109.1819552,54.1584,2019
SAMRAC_HF_A_1,SAMRAC,HF,A,1,32.22589676,185.2721573,2019
SAMRAC_GR_8_2,SAMRAC,GR,8,2,41.50672122,189.1025641,2022
SAMRAC_HF_A_2,SAMRAC,HF,A,2,34.8491984,190.2583167,2022
SAMRAC_HF_A_2,SAMRAC,HF,A,2,37.1496023,193.4855938,2019
SAMRAC_GR_8_2,SAMRAC,GR,8,2,26.68293868,203.0134529,2019
SAMRAC_HF_D_1,SAMRAC,HF,D,1,27.2488134,204.1743929,2019
MYRGAL_GR_8C_2,MYRGAL,GR,8C,2,35.39215686,209.9341383,2022
SAMRAC_HF_C_2,SAMRAC,HF,C,2,29.71233773,212.5277049,2022
SPITOM_GR_2C_2,SPITOM,GR,2C,2,40.26226734,213.7432188,2019
SAMRAC_HF_D_2,SAMRAC,HF,D,2,21.74942704,217.0495001,2019
SAMRAC_GR_2_2,SAMRAC,GR,2,2,25.13233602,217.6650477,2022
SAMRAC_GR_7B_2,SAMRAC,GR,7B,2,26.27877718,217.8125,2019
SAMRAC_HF_B_1,SAMRAC,HF,B,1,29.42592901,218.1388586,2019
SAMRAC_GR_8_1,SAMRAC,GR,8,1,21.67847653,218.9681924,2019
SAMRAC_HF_B_2,SAMRAC,HF,B,2,22.29466357,220.1795025,2019
SAMRAC_GR_4_2,SAMRAC,GR,4,2,27.35159585,221.8263811,2019
SAMRAC_GR_1_2,SAMRAC,GR,1,2,15.87406015,222.3034735,2019
SAMRAC_GR_2_2,SAMRAC,GR,2,2,23.30275484,223.4347826,2019
SAMRAC_HF_C_1,SAMRAC,HF,C,1,22.66777305,224.2093023,2019
SAMRAC_HF_A_2,SAMRAC,HF,A,2,26.56519692,224.7765637,2022
SAMRAC_HF_B_2,SAMRAC,HF,B,2,22.48271329,225.1067099,2019
SAMRAC_HF_C_2,SAMRAC,HF,C,2,27.70728408,226.5123859,2019
VIBCAS_WM_4_1,VIBCAS,WM,4,1,25.81029349,226.6624889,2019
SPIALB_WM_2B_1,SPIALB,WM,2B,1,46.01301115,227.0042194,2019
ALNINC_GR_8B_1,ALNINC,GR,8B,1,23.4304746,228.2787751,2019
SPIALB_WM_2A_1,SPIALB,WM,2A,1,45.85070612,232.4890557,2019
SPITOM_WM_5A_1,SPITOM,WM,5A,1,26.98430493,232.6147427,2019
SAMRAC_GR_2_1,SAMRAC,GR,2,1,25.6822441,232.966043,2019
SAMRAC_GR_7B_1,SAMRAC,GR,7B,1,22.62823658,233.3969466,2019
SAMRAC_HF_A_1,SAMRAC,HF,A,1,28.1857804,235.5785953,2019
BETPAP_SH_1A_1,BETPAP,SH,1A,1,21.56746378,236.010601,2019
BETPAP_HF_16_2,BETPAP,HF,16,2,28.01110817,236.3715929,2019
SAMRAC_GR_4_1,SAMRAC,GR,4,1,26.77646349,236.6383929,2019
SAMRAC_GR_7A_1,SAMRAC,GR,7A,1,26.80634381,237.4899112,2019
SAMRAC_HF_D_2,SAMRAC,HF,D,2,42.98348673,238.2020639,2022
BETALL_WM_8A_2,BETALL,WM,8A,2,25.11948805,238.6873508,2019
SAMRAC_HF_B_1,SAMRAC,HF,B,1,22.6402713,241.1240506,2019
SAMRAC_GR_7_1,SAMRAC,GR,7,1,21.74023896,242.079148,2019
VIBCAS_WM_4_2,VIBCAS,WM,4,2,19.31518062,242.4074074,2019
VIBCAS_GR_12B_1,VIBCAS,GR,12B,1,20.90955769,243.1555104,2019
BETPAP_HF_16_1,BETPAP,HF,16,1,24.14231409,244.7093023,2019
SAMRAC_HF_C_1,SAMRAC,HF,C,1,24.62877562,244.753283,2022
SAMRAC_GR_7B_2,SAMRAC,GR,7B,2,22.14329674,245.0372019,2022
SAMRAC_GR_7B_1,SAMRAC,GR,7B,1,20.76483895,246.6147916,2022
BETPAP_SH_1A_2,BETPAP,SH,1A,2,22.09993308,248.2281285,2019
MYRGAL_SH_2B_2,MYRGAL,SH,2B,2,40.64935065,248.6678508,2022
DIELON_SH_2A_1,DIELON,SH,2A,1,37.38148148,249.1694352,2022
BETALL_SH_5_2,BETALL,SH,5,2,27.19788096,249.533437,2019
BETPAP_SH_1B_1,BETPAP,SH,1B,1,23.11842433,250.0623441,2019
SAMRAC_HF_A_1,SAMRAC,HF,A,1,21.6991453,250.5629253,2022
BETALL_SH_5_1,BETALL,SH,5,1,26.91371469,251.1422136,2019
BETALL_WM_8_1,BETALL,WM,8,1,25.98613737,251.2401055,2019
BETPAP_HF_16_1,BETPAP,HF,16,1,22.78012991,251.8344371,2019
MYRGAL_SH_1B_1,MYRGAL,SH,1B,1,41.66666667,251.9737947,2022
SPIALB_GR_3_2,SPIALB,GR,3,2,38.16953317,252.0123839,2019
ALNINC_WM_1_2,ALNINC,WM,1,2,25.37388738,252.2088836,2019
VIBCAS_GR_10_1,VIBCAS,GR,10,1,23.01368421,252.2302464,2019
SAMRAC_HF_A_2,SAMRAC,HF,A,2,28.74201614,253.1338149,2019
BETALL_GR_13_1,BETALL,GR,13,1,28.21384425,253.9461883,2019
SPIALB_SH_9A_1,SPIALB,SH,9A,1,41.52291105,254.109589,2019
DIELON_GR_5C_1,DIELON,GR,5C,1,27.71745364,254.3023821,2019
SPIALB_SH_7A_1,SPIALB,SH,7A,1,35.27899078,255.0742574,2019
ACEPEN_HF_12_1,ACEPEN,HF,12,1,25.95331325,255.3846154,2019
BETPAP_HF_16_2,BETPAP,HF,16,2,19.06984178,255.3877551,2019
ALNINC_HF_1_2,ALNINC,HF,1,2,22.54801972,255.4124457,2019
SPIALB_GR_3_2,SPIALB,GR,3,2,46.04828463,256.0598666,2019
MYRGAL_GR_8A_1,MYRGAL,GR,8A,1,25.085796,256.1660562,2019
BETALL_WM_8_2,BETALL,WM,8,2,25.09208103,256.2089821,2019
BETALL_SH_4_2,BETALL,SH,4,2,24.82818645,256.3801653,2019
SAMRAC_GR_2_1,SAMRAC,GR,2,1,21.0494727,257.6829317,2022
VIBCAS_GR_9_1,VIBCAS,GR,9,1,19.3799867,257.8285714,2019
DIELON_SH_2B_2,DIELON,SH,2B,2,32.88373984,257.9697987,2022
MYRGAL_GR_8C_2,MYRGAL,GR,8C,2,25.65697912,258.5458779,2019
MYRGAL_GR_8B_2,MYRGAL,GR,8B,2,28.2070561,258.9486296,2019
SAMRAC_GR_9_2,SAMRAC,GR,9,2,22.64668719,259.1193385,2022
SPIALB_HF_4_2,SPIALB,HF,4,2,40.5124451,260.3888677,2019
SAMRAC_GR_7A_1,SAMRAC,GR,7A,1,19.76359185,260.4365928,2022
MYRGAL_WM_6B_1,MYRGAL,WM,6B,1,24.4752757,261.4883721,2019
DIELON_WM_1C_1,DIELON,WM,1C,1,46.04642526,261.5347256,2022
BETALL_SH_4_1,BETALL,SH,4,1,24.11302674,261.6507353,2019
BETALL_GR_13_2,BETALL,GR,13,2,24.4250889,261.8735913,2019
SPIALB_HF_3_2,SPIALB,HF,3,2,33.70654628,261.913208,2019
MYRGAL_SH_2A_2,MYRGAL,SH,2A,2,26.72550213,262.2924649,2019
BETPOP_WM_7_1,BETPOP,WM,7,1,25.88425086,262.3809524,2019
VIBCAS_SH_1_1,VIBCAS,SH,1,1,20.48949804,262.5233645,2019
SAMRAC_GR_7A_2,SAMRAC,GR,7A,2,24.854867,262.5678233,2019
VIBCAS_GR_12B_2,VIBCAS,GR,12B,2,17.08811337,264.7862157,2019
SPITOM_WM_5B_1,SPITOM,WM,5B,1,34.67545144,265.655387,2019
ACEPEN_HF_12_2,ACEPEN,HF,12,2,28.53684893,265.9195402,2019
BETPAP_SH_1B_2,BETPAP,SH,1B,2,18.08437763,265.9942155,2019
SAMRAC_GR_1_1,SAMRAC,GR,1,1,15.57597173,266.7071562,2019
SPIALB_GR_12_1,SPIALB,GR,12,1,54.19125683,266.9973738,2022
SPIALB_WM_2B_2,SPIALB,WM,2B,2,41.0776767,267.1028037,2019
SPITOM_WM_5A_2,SPITOM,WM,5A,2,26.60409556,267.1732523,2019
MYRGAL_GR_8A_2,MYRGAL,GR,8A,2,25.05300353,267.6122931,2019
MYRGAL_SH_1_2,MYRGAL,SH,1,2,23.05652477,267.8504673,2019
MYRGAL_GR_8B_1,MYRGAL,GR,8B,1,27.49277874,268.0396408,2019
BETPAP_GR_5A_1,BETPAP,GR,5A,1,24.73665396,268.7934403,2019
SPIALB_GR_3_1,SPIALB,GR,3,1,39.11837238,269.3010128,2019
SPIALB_HF_3_1,SPIALB,HF,3,1,31.48089172,269.3737489,2019
SPIALB_SH_9B_2,SPIALB,SH,9B,2,36.8698597,269.808119,2019
SAMRAC_GR_9_1,SAMRAC,GR,9,1,17.66683164,269.8953069,2019
SPITOM_WM_5B_2,SPITOM,WM,5B,2,37.45236123,270.1130133,2019
DIELON_HF_2A_2,DIELON,HF,2A,2,24.89861111,270.3717612,2019
BETALL_SH_4A_1,BETALL,SH,4A,1,26.03976608,270.398482,2019
SAMRAC_HF_B_2,SAMRAC,HF,B,2,25.85877098,270.4323669,2022
BETPOP_WM_7_1,BETPOP,WM,7,1,26.15897645,270.5379828,2019
BETALL_SH_4A_2,BETALL,SH,4A,2,21.65335733,271.3649127,2019
SPIALB_SH_8_1,SPIALB,SH,8,1,37.82238443,271.7355372,2019
DIELON_HF_3_2,DIELON,HF,3,2,22.23521108,271.8105516,2019
SAMRAC_HF_D_1,SAMRAC,HF,D,1,22.35881083,272.190961,2022
DIELON_SH_4_2,DIELON,SH,4,2,23.97373713,272.2383253,2019
MYRGAL_WM_6B_1,MYRGAL,WM,6B,1,19.45945946,272.3622574,2019
DIELON_SH_2B_1,DIELON,SH,2B,1,29.2601626,272.6909945,2022
BETALL_GR_9_2,BETALL,GR,9,2,23.81239046,273.14545,2019
MYRGAL_SH_2B_1,MYRGAL,SH,2B,1,23.66259711,273.1958763,2019
SPIALB_SH_8_2,SPIALB,SH,8,2,35.58151346,273.3203776,2019
VIBCAS_GR_12A_2,VIBCAS,GR,12A,2,19.42775393,273.6330345,2019
VIBCAS_WM_4_1,VIBCAS,WM,4,1,20.17183463,273.8433597,2022
VIBCAS_SH_1A_2,VIBCAS,SH,1A,2,24.17590361,274.1022875,2022
MYRGAL_WM_6A_2,MYRGAL,WM,6A,2,26.41866913,274.2712294,2019
SPIALB_WM_7A_1,SPIALB,WM,7A,1,33.13373969,274.372848,2019
SPIALB_SH_7_1,SPIALB,SH,7,1,37.83942833,274.4894427,2019
ACEPEN_WM_5_2,ACEPEN,WM,5,2,25.24696189,274.6040724,2019
SPIALB_SH_9A_2,SPIALB,SH,9A,2,36.77668901,274.6458924,2019
ALNINC_GR_1_2,ALNINC,GR,1,2,22.62770161,274.7587131,2019
VIBCAS_GR_9_2,VIBCAS,GR,9,2,17.391032,275.2442529,2019
BETALL_GR_9_1,BETALL,GR,9,1,22.89434524,275.6923077,2019
ACEPEN_WM_5_1,ACEPEN,WM,5,1,28.57048093,275.8823529,2019
SPIALB_HF_1_2,SPIALB,HF,1,2,38.77595156,276.3566818,2019
ALNINC_HF_9_1,ALNINC,HF,9,1,25.41394754,276.4219015,2022
BETPOP_WM_7_1,BETPOP,WM,7,1,19.17489712,276.7653759,2019
BETPOP_GR_5_2,BETPOP,GR,5,2,20.63341827,277.4747475,2019
VIBCAS_GR_12A_1,VIBCAS,GR,12A,1,19.40547298,277.596401,2019
MYRGAL_SH_1B_2,MYRGAL,SH,1B,2,35.05741627,277.9255319,2022
SPIALB_WM_7A_2,SPIALB,WM,7A,2,33.7673546,278.0966294,2019
BETPOP_WM_7_2,BETPOP,WM,7,2,22.51844314,278.176157,2019
SPIALB_WM_7B_1,SPIALB,WM,7B,1,33.26548673,278.3251232,2019
VIBCAS_SH_1_2,VIBCAS,SH,1,2,17.87477954,278.5340314,2019
MYRGAL_SH_2_1,MYRGAL,SH,2,1,29.85507246,278.5346655,2022
DIELON_WM_1C_2,DIELON,WM,1C,2,44.29675573,278.8717403,2022
BETALL_SH_9_1,BETALL,SH,9,1,23.1139697,279.8223777,2022
MYRGAL_SH_2B_2,MYRGAL,SH,2B,2,24.41793893,279.9145299,2019
VIBCAS_SH_5_2,VIBCAS,SH,5,2,16.02122832,279.9332544,2019
SPIALB_SH_7A_2,SPIALB,SH,7A,2,31.71332587,279.9373041,2019
MYRGAL_SH_1B_2,MYRGAL,SH,1B,2,22.49591281,280.1526718,2019
VIBCAS_GR_12B_1,VIBCAS,GR,12B,1,18.3708336,280.4882459,2019
BETPAP_GR_8_1,BETPAP,GR,8,1,25.21248741,280.5084746,2019
SPIALB_WM_7A_1,SPIALB,WM,7A,1,34.85578678,280.6352459,2019
ALNINC_SH_1_1,ALNINC,SH,1,1,24.96167087,280.6838972,2019
SAMRAC_GR_9_1,SAMRAC,GR,9,1,19.51237245,281.1446604,2022
BETALL_WM_9_2,BETALL,WM,9,2,23.55071671,281.2,2019
BETALL_GR_12_2,BETALL,GR,12,2,21.44483363,281.3963039,2019
BETPOP_GR_5C_2,BETPOP,GR,5C,2,22.06067437,281.5623843,2019
MYRGAL_WM_6B_2,MYRGAL,WM,6B,2,23.98729711,281.9900498,2019
MYRGAL_GR_8C_1,MYRGAL,GR,8C,1,23.29434698,282.0230896,2019
BETPOP_GR_5B_2,BETPOP,GR,5B,2,22.10667534,282.2813863,2019
SAMRAC_HF_B_1,SAMRAC,HF,B,1,22.37003649,282.4509394,2022
BETPAP_GR_5B_1,BETPAP,GR,5B,1,19.66920609,282.7664399,2019
BETPOP_WM_7_2,BETPOP,WM,7,2,25.47382263,283.2828871,2019
DIELON_SH_2B_1,DIELON,SH,2B,1,28.2245827,283.2857869,2019
BETPOP_GR_5B_1,BETPOP,GR,5B,1,24.20510935,283.4813869,2019
VIBCAS_SH_1B_2,VIBCAS,SH,1B,2,19.25110938,283.5149157,2019
VIBCAS_SH_5A_2,VIBCAS,SH,5A,2,17.60679386,283.9962997,2022
SPIALB_GR_12_2,SPIALB,GR,12,2,33.5710111,284.2192691,2019
VIBCAS_GR_10_2,VIBCAS,GR,10,2,18.42833152,284.3140008,2019
DIELON_WM_XX_2,DIELON,WM,XX,2,NA,284.3443354,2022
DIELON_SH_2A_2,DIELON,SH,2A,2,27.83452181,284.4868735,2019
VIBCAS_WM_4_2,VIBCAS,WM,4,2,17.41603036,284.6266667,2019
ALNINC_WM_5B_1,ALNINC,WM,5B,1,21.92861096,285.0247642,2022
SPIALB_GR_12A_2,SPIALB,GR,12A,2,32.12362911,285.3485064,2019
DIELON_WM_XX_1,DIELON,WM,XX,1,NA,285.405958,2022
BETALL_GR_1_1,BETALL,GR,1,1,22.26134655,285.4292929,2019
ALNINC_GR_8_1,ALNINC,GR,8,1,21.3024619,285.4322475,2022
VIBCAS_WM_9B_2,VIBCAS,WM,9B,2,16.32697801,285.6356736,2019
DIELON_HF_3_1,DIELON,HF,3,1,26.05600431,285.6923077,2019
ALNINC_GR_1_1,ALNINC,GR,1,1,19.71491338,285.7448569,2019
MYRGAL_WM_6B_2,MYRGAL,WM,6B,2,23.27044025,285.7509628,2019
MYRGAL_GR_8D_1,MYRGAL,GR,8D,1,19.58728388,285.9193111,2019
ALNINC_GR_11B_1,ALNINC,GR,11B,1,21.72731654,286.1724138,2019
AROMEL_WM_15_2,AROMEL,WM,15,2,22.76628352,286.3307248,2019
BETALL_GR_12_1,BETALL,GR,12,1,20.41286944,286.3465975,2019
BETPOP_HF_5_1,BETPOP,HF,5,1,22.61246122,286.4336493,2019
BETPOP_HF_1_1,BETPOP,HF,1,1,23.00850915,286.5971805,2019
BETPOP_WM_7_2,BETPOP,WM,7,2,21.5099188,286.7036011,2019
MYRGAL_WM_6A_2,MYRGAL,WM,6A,2,23.19192964,287.0507871,2019
SPIALB_GR_9_1,SPIALB,GR,9,1,35.11139402,287.202925,2019
SPIALB_HF_1_1,SPIALB,HF,1,1,34.0765326,287.2686483,2019
BETPOP_HF_5_2,BETPOP,HF,5,2,20.40733434,287.3961912,2019
SPIALB_SH_1_2,SPIALB,SH,1,2,33.61332708,287.661987,2019
DIELON_HF_1A_2,DIELON,HF,1A,2,3.544329897,288.0169671,2022
BETPOP_HF_1_1,BETPOP,HF,1,1,20.65108514,288.3006294,2019
MYRGAL_WM_6A_1,MYRGAL,WM,6A,1,23.32200097,288.3753501,2019
ALNINC_GR_11A_2,ALNINC,GR,11A,2,23.18781638,288.5518102,2019
MYRGAL_SH_2_1,MYRGAL,SH,2,1,24.51676529,288.6148008,2019
VIBCAS_SH_5B_1,VIBCAS,SH,5B,1,16.61473809,288.7009804,2019
VIBCAS_WM_4_2,VIBCAS,WM,4,2,18.52396559,288.7458894,2022
SPIALB_WM_7B_2,SPIALB,WM,7B,2,32.61416589,288.7902032,2019
ALNINC_GR_11_1,ALNINC,GR,11,1,22.14823094,288.8130122,2019
VIBCAS_SH_5C_2,VIBCAS,SH,5C,2,19.0185567,289.2126657,2022
ALNINC_SH_5_2,ALNINC,SH,5,2,21.44341142,289.2143608,2019
SORAME_SH_3_1,SORAME,SH,3,1,24.47063524,289.3641618,2019
BETPAP_GR_5A_2,BETPAP,GR,5A,2,19.91008272,289.366869,2019
BETALL_WM_9_1,BETALL,WM,9,1,24.84216065,289.4416244,2019
SAMRAC_GR_4_2,SAMRAC,GR,4,2,17.60255591,289.4610291,2019
BETPOP_HF_1_2,BETPOP,HF,1,2,22.11784096,289.9208601,2019
SPIALB_SH_7_2,SPIALB,SH,7,2,35.56279406,290.2310924,2019
SPIALB_WM_7B_2,SPIALB,WM,7B,2,29.375,290.313779,2019
MYRGAL_WM_6B_2,MYRGAL,WM,6B,2,18.97454545,290.452049,2019
MYRGAL_SH_2_2,MYRGAL,SH,2,2,24.72653061,290.9738717,2019
BETPOP_WM_7_2,BETPOP,WM,7,2,20.40846672,291.1382735,2019
BETPOP_GR_5_1,BETPOP,GR,5,1,21.08651911,291.1881884,2019
SAMRAC_GR_4_1,SAMRAC,GR,4,1,21.87323347,291.5533581,2019
VIBCAS_WM_9A_2,VIBCAS,WM,9A,2,17.36051502,291.5770897,2019
ALNINC_WM_5A_2,ALNINC,WM,5A,2,18.79931171,291.6542751,2019
MYRGAL_SH_1A_1,MYRGAL,SH,1A,1,19.51897381,291.7511305,2019
BETALL_GR_1_2,BETALL,GR,1,2,21.87488455,291.9992808,2019
DIELON_WM_1B_2,DIELON,WM,1B,2,32.66455696,292.0748937,2022
VIBCAS_WM_9B_1,VIBCAS,WM,9B,1,17.67127434,292.359882,2019
BETPOP_GR_5A_2,BETPOP,GR,5A,2,20.38055794,292.4426975,2019
VIBCAS_SH_1B_1,VIBCAS,SH,1B,1,17.38807217,292.7139364,2019
VIBCAS_SH_5B_2,VIBCAS,SH,5B,2,16.62735974,292.7399381,2019
SPIALB_GR_3_1,SPIALB,GR,3,1,33.26831589,292.7576602,2019
MYRGAL_SH_2A_1,MYRGAL,SH,2A,1,21.22839794,292.8864569,2019
VIBCAS_SH_5_1,VIBCAS,SH,5,1,14.93288126,293.8234457,2019
DIELON_GR_5B_2,DIELON,GR,5B,2,21.99212857,294.3050193,2019
ALNINC_SH_1_2,ALNINC,SH,1,2,21.96788185,294.6743761,2019
MYRGAL_SH_1A_2,MYRGAL,SH,1A,2,21.59733777,294.7523296,2019
ALNINC_GR_11B_2,ALNINC,GR,11B,2,19.81086542,295.0977145,2019
BETPOP_GR_5B_2,BETPOP,GR,5B,2,23.5921578,295.2062626,2019
BETPOP_WM_7_1,BETPOP,WM,7,1,21.42541308,295.2250086,2019
BETALL_SH_5_1,BETALL,SH,5,1,19.30892449,295.5555556,2019
BETPOP_HF_3A_2,BETPOP,HF,3A,2,26.44323059,295.6852792,2019
VIBCAS_SH_1A_1,VIBCAS,SH,1A,1,17.37778442,295.9734513,2019
DIELON_HF_2B_2,DIELON,HF,2B,2,23.72242226,296.3659999,2019
VIBCAS_GR_12A_2,VIBCAS,GR,12A,2,17.30508475,296.5569239,2022
SPIALB_HF_4A_1,SPIALB,HF,4A,1,28.26882845,296.572049,2019
AROMEL_WM_15_1,AROMEL,WM,15,1,20.99828725,297.0851203,2019
BETALL_GR_12_1,BETALL,GR,12,1,20.4288771,297.1799834,2019
VIBCAS_GR_5_1,VIBCAS,GR,5,1,15.846106,297.344782,2019
SPIALB_WM_7A_2,SPIALB,WM,7A,2,38.3158476,297.3727422,2019
BETPAP_GR_5B_2,BETPAP,GR,5B,2,16.09701127,297.5218659,2019
ACESPI_GR_4_1,ACESPI,GR,4,1,28.13498487,297.8825996,2019
BETPOP_WM_7_1,BETPOP,WM,7,1,20.67937289,298.1941516,2019
DIELON_WM_1A_2,DIELON,WM,1A,2,25.68929036,298.3972802,2019
ALNINC_HF_9_1,ALNINC,HF,9,1,20.28364621,298.6467487,2019
VIBCAS_GR_12B_1,VIBCAS,GR,12B,1,16.01456554,298.679868,2022
VIBCAS_WM_9A_2,VIBCAS,WM,9A,2,17.33825598,298.7520484,2022
DIELON_WM_1C_2,DIELON,WM,1C,2,24.77861838,298.7734835,2019
BETPAP_GR_5_1,BETPAP,GR,5,1,21.39927405,298.915009,2019
MYRGAL_WM_6A_1,MYRGAL,WM,6A,1,21.86696478,299.1638796,2019
BETALL_GR_13_1,BETALL,GR,13,1,19.45094926,299.3465347,2019
SPIALB_WM_2A_2,SPIALB,WM,2A,2,31.51372549,299.3660484,2019
ALNINC_SH_5_1,ALNINC,SH,5,1,19.77351598,299.3984688,2019
BETALL_WM_8_1,BETALL,WM,8,1,25.96728516,299.5027786,2022
DIELON_GR_5B_1,DIELON,GR,5B,1,22.73654976,299.5936533,2019
BETALL_GR_12_2,BETALL,GR,12,2,20.40088518,299.7882167,2019
SPIALB_WM_2A_1,SPIALB,WM,2A,1,29.05225864,300.0265745,2019
BETPOP_HF_1_2,BETPOP,HF,1,2,20.21598017,300.0779147,2019
VIBCAS_SH_1A_1,VIBCAS,SH,1A,1,17.85514019,300.5248653,2022
DIELON_GR_5A_1,DIELON,GR,5A,1,20.51680027,300.6666667,2019
DIELON_WM_1C_1,DIELON,WM,1C,1,24.814854,300.9041131,2019
BETPOP_GR_5B_1,BETPOP,GR,5B,1,19.81223548,301.0192263,2019
SORAME_GR_9C_1,SORAME,GR,9C,1,17.18528252,301.0880317,2019
VIBCAS_WM_10_2,VIBCAS,WM,10,2,13.95106298,301.170615,2022
BETPAP_GR_8_2,BETPAP,GR,8,2,19.60355542,301.2487856,2019
BETPAP_HF_16B_1,BETPAP,HF,16B,1,22.02113063,301.4684592,2019
BETALL_SH_2_2,BETALL,SH,2,2,23.72805433,301.546841,2019
VIBCAS_GR_12A_2,VIBCAS,GR,12A,2,16.18428131,301.5781711,2019
MYRGAL_SH_1_1,MYRGAL,SH,1,1,23.34739454,301.8726592,2022
VIBCAS_GR_12A_1,VIBCAS,GR,12A,1,16.63090719,301.9435216,2019
ALNINC_GR_11A_1,ALNINC,GR,11A,1,23.37112995,302.1149836,2019
VIBCAS_WM_10_1,VIBCAS,WM,10,1,15.6,302.2466638,2022
ALNINC_WM_2A_1,ALNINC,WM,2A,1,18.62690783,302.3152709,2019
BETALL_WM_8B_2,BETALL,WM,8B,2,21.46461313,302.3281596,2019
BETPAP_HF_16B_2,BETPAP,HF,16B,2,21.34427828,302.4210397,2019
ALNINC_WM_2A_2,ALNINC,WM,2A,2,21.25872525,302.4224247,2019
SORAME_GR_9B_2,SORAME,GR,9B,2,20.32237214,302.6161369,2019
AROMEL_WM_2_2,AROMEL,WM,2,2,18.50546306,302.6771654,2019
BETALL_SH_2_1,BETALL,SH,2,1,19.57982012,302.8944381,2019
SPITOM_SH_9_2,SPITOM,SH,9,2,30.72961373,302.9908973,2019
AROMEL_WM_2_1,AROMEL,WM,2,1,20.32695957,303.3160668,2019
ALNINC_GR_11_1,ALNINC,GR,11,1,20.24496058,303.3868379,2019
BETALL_WM_8B_1,BETALL,WM,8B,1,22.09264645,303.5308953,2019
BETALL_SH_7_2,BETALL,SH,7,2,21.11838221,303.7694676,2019
VIBCAS_WM_9B_1,VIBCAS,WM,9B,1,14.79840111,304.0422721,2019
DIELON_SH_2B_2,DIELON,SH,2B,2,21.97106792,304.1277391,2019
AROMEL_HF_12_2,AROMEL,HF,12,2,21.1402214,304.1526375,2022
VIBCAS_WM_7_1,VIBCAS,WM,7,1,19.49308756,304.3834015,2019
VIBCAS_GR_5_2,VIBCAS,GR,5,2,16.86688525,304.3912176,2019
ALNINC_WM_1_1,ALNINC,WM,1,1,20.8242142,304.4371988,2019
VACMYR_WM_5_2,VACMYR,WM,5,2,22.72609819,304.4846577,2019
DIELON_SH_2A_2,DIELON,SH,2A,2,31.44717887,304.5147139,2022
ACEPEN_HF_12_1,ACEPEN,HF,12,1,23.89260658,304.5193098,2019
BETPOP_GR_A_1,BETPOP,GR,A,1,22.10165184,305.1452057,2019
VIBCAS_WM_4_1,VIBCAS,WM,4,1,15.2578191,305.3940217,2019
SPIALB_WM_2A_2,SPIALB,WM,2A,2,28.66799205,305.6821635,2019
ACESPI_GR_4_2,ACESPI,GR,4,2,28.70203438,305.7379518,2019
SPIALB_SH_1_1,SPIALB,SH,1,1,29.92063492,305.7861796,2019
ALNINC_HF_5_1,ALNINC,HF,5,1,17.95847547,306.0115191,2019
VIBCAS_SH_5A_1,VIBCAS,SH,5A,1,15.00965795,306.0721764,2022
DIELON_WM_1A_1,DIELON,WM,1A,1,26.86236642,306.1489949,2019
VIBCAS_WM_9A_2,VIBCAS,WM,9A,2,15.89852791,306.2419371,2019
VIBCAS_WM_9A_1,VIBCAS,WM,9A,1,16.62821523,306.4778217,2019
SPIALB_SH_4B_1,SPIALB,SH,4B,1,31.27299485,306.4952639,2019
MYRGAL_SH_2A_1,MYRGAL,SH,2A,1,27.60606061,306.9291583,2022
SORAME_GR_9D_2,SORAME,GR,9D,2,24.28047145,307.3535792,2019
MYRGAL_WM_6A_1,MYRGAL,WM,6A,1,22,307.871526,2019
BETPAP_SH_1A_2,BETPAP,SH,1A,2,12.27122786,307.8977561,2022
SPIALB_HF_2_2,SPIALB,HF,2,2,33.41266468,307.9842932,2019
SAMRAC_GR_7A_2,SAMRAC,GR,7A,2,17.52053113,308.1949173,2022
VIBCAS_SH_1A_2,VIBCAS,SH,1A,2,17.76678594,308.5064935,2019
SPIALB_HF_10_2,SPIALB,HF,10,2,36.71168526,308.5144928,2019
BETALL_WM_8B_1,BETALL,WM,8B,1,20.1674898,308.5468198,2019
ALNINC_HF_2_1,ALNINC,HF,2,1,19.17593926,308.6464646,2019
SAMRAC_GR_9_2,SAMRAC,GR,9,2,24.99974692,308.6927083,2019
DIELON_WM_1B_1,DIELON,WM,1B,1,30.53523238,308.7033994,2022
BETPAP_GR_5_2,BETPAP,GR,5,2,21.13320202,308.9180453,2019
MYRGAL_SH_1B_1,MYRGAL,SH,1B,1,20.32869081,308.9500861,2019
DIELON_SH_2A_1,DIELON,SH,2A,1,28.98091873,309.1679776,2019
DIELON_SH_4_1,DIELON,SH,4,1,19.8935667,309.652849,2019
BETPAP_GR_9_1,BETPAP,GR,9,1,19.74440443,309.6753034,2019
SPITOM_HF_9A_2,SPITOM,HF,9A,2,27.30953649,309.7359736,2019
DIELON_HF_4_1,DIELON,HF,4,1,17.96508643,310.2203345,2019
MYRGAL_SH_1_2,MYRGAL,SH,1,2,23.99026764,310.4229607,2022
BETALL_SH_9_1,BETALL,SH,9,1,23.02463361,310.5151046,2019
VIBCAS_WM_9A_1,VIBCAS,WM,9A,1,15.53939469,310.5323852,2019
SORAME_GR_9A_2,SORAME,GR,9A,2,28.23769245,310.6427221,2019
ALNINC_SH_8_2,ALNINC,SH,8,2,18.0271182,311.3310442,2019
AROMEL_HF_4_2,AROMEL,HF,4,2,17.32021402,311.4971751,2019
VIBCAS_WM_9A_1,VIBCAS,WM,9A,1,15.84805195,311.7976959,2022
VIBCAS_GR_9_1,VIBCAS,GR,9,1,17.94322483,312.1824412,2022
DIELON_GR_2_2,DIELON,GR,2,2,23.60643378,312.2498627,2019
VIBCAS_SH_1_2,VIBCAS,SH,1,2,19.32329635,312.3401587,2022
VIBCAS_SH_5B_2,VIBCAS,SH,5B,2,17.69221968,312.5,2022
MYRGAL_SH_1_1,MYRGAL,SH,1,1,19.24895688,312.6086957,2019
SPIALB_WM_7B_1,SPIALB,WM,7B,1,29.5624469,312.9070849,2019
ACEPEN_WM_5_2,ACEPEN,WM,5,2,21.4660571,313.1767338,2019
DIELON_GR_5B_2,DIELON,GR,5B,2,27.65085911,313.6587048,2022
VIBCAS_SH_5A_2,VIBCAS,SH,5A,2,12.12289112,313.6692052,2019
SPIALB_HF_4A_2,SPIALB,HF,4A,2,25.36085826,313.877551,2019
AROMEL_WM_7_2,AROMEL,WM,7,2,19.51299461,314.0441176,2019
BETALL_SH_9_2,BETALL,SH,9,2,20.85246733,314.063745,2019
SPITOM_SH_99_1,SPITOM,SH,99,1,36.56989247,314.1891892,2022
ALNINC_HF_9_2,ALNINC,HF,9,2,20.37000974,314.2420028,2019
BETPAP_GR_9_2,BETPAP,GR,9,2,18.12419282,314.4440786,2019
SPIALB_WM_5_2,SPIALB,WM,5,2,32.06333973,314.4711031,2019
SORAME_SH_3_2,SORAME,SH,3,2,24.27037364,314.4795682,2019
BETPOP_GR_5C_1,BETPOP,GR,5C,1,21.00451076,314.628821,2019
VIBCAS_GR_9_2,VIBCAS,GR,9,2,19.12670409,314.7003155,2022
BETPOP_GR_3_2,BETPOP,GR,3,2,25.27210884,314.9284254,2022
DIELON_WM_2,DIELON,WM,2,2,21.46885597,315.0407647,2019
MYRGAL_SH_2B_1,MYRGAL,SH,2B,1,27.72155689,315.0646165,2022
SPITOM_HF_6_2,SPITOM,HF,6,2,24.71647433,315.1097179,2019
VIBCAS_WM_9B_2,VIBCAS,WM,9B,2,14.6951432,315.1295564,2019
SPIALB_SH_4B_2,SPIALB,SH,4B,2,29.64803313,315.1370161,2019
SPIALB_GR_12B_2,SPIALB,GR,12B,2,33.52186589,315.2573529,2019
MYRGAL_GR_8D_2,MYRGAL,GR,8D,2,22.76147479,315.3024911,2019
SPITOM_WM_5C_2,SPITOM,WM,5C,2,29.35550936,315.3064569,2019
DIELON_HF_2_2,DIELON,HF,2,2,18.84297521,315.7569721,2019
SPITOM_WM_5E_2,SPITOM,WM,5E,2,26.38109306,315.7649254,2019
BETPOP_WM_9_2,BETPOP,WM,9,2,19.99822127,316.0913078,2019
DIELON_GR_5A_2,DIELON,GR,5A,2,23.0592149,316.4210526,2019
ALNINC_HF_9_2,ALNINC,HF,9,2,18.29550657,316.9755774,2019
AROMEL_HF_10_2,AROMEL,HF,10,2,18.50489802,317.3802243,2019
BETPAP_SH_1A_1,BETPAP,SH,1A,1,11.27054795,317.4718226,2022
ALNINC_GR_8A_2,ALNINC,GR,8A,2,22.78193366,317.6987579,2022
ACEPEN_WM_5_1,ACEPEN,WM,5,1,21.68976502,317.7076125,2019
DIELON_GR_5C_2,DIELON,GR,5C,2,25.33105726,317.9011797,2019
BETALL_SH_7_2,BETALL,SH,7,2,26.55008301,317.9658631,2022
ALNINC_GR_8A_2,ALNINC,GR,8A,2,17.7509113,318.1701031,2019
ALNINC_GR_11_2,ALNINC,GR,11,2,18.29962316,318.3108935,2019
BETPAP_HF_16A_1,BETPAP,HF,16A,1,17.73777005,318.4478084,2019
BETPAP_HF_16_1,BETPAP,HF,16,1,18.27167295,318.4672207,2019
ACEPEN_HF_12_1,ACEPEN,HF,12,1,23.09803207,318.4735553,2022
DIELON_HF_3_2,DIELON,HF,3,2,23.47138643,318.4833055,2022
VIBCAS_GR_12B_2,VIBCAS,GR,12B,2,17.04565113,318.4879094,2022
BETALL_GR_13_2,BETALL,GR,13,2,18.41176169,318.7796499,2019
VIBCAS_GR_12B_1,VIBCAS,GR,12B,1,13.30511247,318.8492736,2022
BETPOP_GR_5A_1,BETPOP,GR,5A,1,17.39005343,318.8728702,2019
ALNINC_WM_5_1,ALNINC,WM,5,1,18.4441198,318.9426523,2019
SPIALB_WM_2B_1,SPIALB,WM,2B,1,27.5530474,318.9804147,2022
VIBCAS_WM_4_1,VIBCAS,WM,4,1,15.41283689,319.1388868,2019
DIELON_HF_1A_2,DIELON,HF,1A,2,24.31953492,319.3959732,2019
SPITOM_HF_9B_1,SPITOM,HF,9B,1,26.02122016,319.4915254,2019
BETPOP_WM_7_2,BETPOP,WM,7,2,19.48923893,319.5136536,2019
BETALL_SH_5_2,BETALL,SH,5,2,17.84715836,319.6355085,2019
DIELON_HF_2C_2,DIELON,HF,2C,2,25.62355415,319.986541,2019
BETPAP_HF_16_2,BETPAP,HF,16,2,17.91603579,320.0440529,2019
ALNINC_GR_1_1,ALNINC,GR,1,1,23.34715868,320.0629533,2019
SPIALB_GR_3_2,SPIALB,GR,3,2,24.81097561,320.1561737,2022
SPIALB_GR_7_2,SPIALB,GR,7,2,32.34428795,320.172362,2019
VIBCAS_GR_5_2,VIBCAS,GR,5,2,17.60586319,320.3199722,2022
BETPOP_HF_3_1,BETPOP,HF,3,1,19.69840021,320.4605623,2019
DIELON_HF_1A_1,DIELON,HF,1A,1,19.45660377,320.5645161,2019
SPIALB_WM_5_1,SPIALB,WM,5,1,29.55863263,320.883088,2019
VIBCAS_GR_12A_1,VIBCAS,GR,12A,1,15.06345178,321.1280233,2022
DIELON_HF_2B_1,DIELON,HF,2B,1,21.65761437,321.2751678,2019
AROMEL_WM_7_1,AROMEL,WM,7,1,20.22720247,321.5386145,2022
SPIALB_GR_12A_1,SPIALB,GR,12A,1,31.06198943,321.6383308,2019
VIBCAS_SH_5A_1,VIBCAS,SH,5A,1,12.94019682,321.8810916,2019
VIBCAS_SH_9_2,VIBCAS,SH,9,2,15.77799166,322.081769,2019
ALNINC_SH_8_1,ALNINC,SH,8,1,18.22376933,322.1714966,2019
BETALL_WM_8B_2,BETALL,WM,8B,2,19.4677209,322.2738855,2019
BETPAP_GR_8_1,BETPAP,GR,8,1,18.82160625,322.5140971,2019
VIBCAS_SH_5C_1,VIBCAS,SH,5C,1,16.0648855,322.7263396,2022
BETALL_SH_9_2,BETALL,SH,9,2,18.3322962,322.7833572,2019
ALNINC_HF_9_2,ALNINC,HF,9,2,19.01580429,322.9166667,2019
ALNINC_GR_1_2,ALNINC,GR,1,2,19.89644878,322.9363326,2019
Vibcas_HF_7A_1,VIBCAS,HF,7A,1,NA,323.099851,2022
AROMEL_HF_4_1,AROMEL,HF,4,1,16.6752348,323.1629393,2019
DIELON_GR_5B_1,DIELON,GR,5B,1,26.5800227,323.3264827,2022
ALNINC_WM_5A_1,ALNINC,WM,5A,1,25.84881383,323.364972,2022
ALNINC_SH_5_1,ALNINC,SH,5,1,20.53260291,323.4801871,2019
ALNINC_HF_9_1,ALNINC,HF,9,1,18.7623661,323.5255165,2019
ALNINC_WM_2B_1,ALNINC,WM,2B,1,21.43381482,323.6015326,2019
SORAME_GR_9C_2,SORAME,GR,9C,2,23.45690061,323.6280488,2019
DIELON_WM_1,DIELON,WM,1,1,20.03772229,323.9453011,2019
SPITOM_WM_5_1,SPITOM,WM,5,1,28.94014963,324.040404,2019
ALNINC_WM_5A_1,ALNINC,WM,5A,1,17.32242816,324.1532258,2019
BETALL_WM_9_2,BETALL,WM,9,2,28.76148148,324.5036296,2022
SPITOM_SH_99_2,SPITOM,SH,99,2,30.30494217,324.5733788,2019
VIBCAS_WM_9A_1,VIBCAS,WM,9A,1,15.47592593,324.6558047,2022
SPITOM_SH_9_1,SPITOM,SH,9,1,34.5971979,324.7085584,2019
BETPAP_GR_8_2,BETPAP,GR,8,2,19.09234412,324.8123054,2019
BETALL_SH_4B_1,BETALL,SH,4B,1,19.35113749,324.8714653,2019
AROMEL_WM_2_2,AROMEL,WM,2,2,20.94089835,324.8847926,2022
SPIALB_GR_12B_1,SPIALB,GR,12B,1,32.28256071,324.964132,2019
SORAME_GR_9A_1,SORAME,GR,9A,1,27.55284658,325.0158061,2019
ACEPEN_HF_12_2,ACEPEN,HF,12,2,22.97325103,325.134189,2019
SPITOM_WM_5E_1,SPITOM,WM,5E,1,27.80869565,325.2262443,2019
DIELON_HF_4_1,DIELON,HF,4,1,21.7748184,325.2929014,2022
MYRGAL_SH_2A_2,MYRGAL,SH,2A,2,23.68786127,325.310267,2022
VIBCAS_GR_3_1,VIBCAS,GR,3,1,15.41234739,325.5343082,2019
ALNINC_HF_9_1,ALNINC,HF,9,1,20.51150034,325.5835814,2019
SPIALB_WM_7A_2,SPIALB,WM,7A,2,34.81266491,325.6013746,2022
SPITOM_HF_9B_2,SPITOM,HF,9B,2,27.06750112,325.6186317,2019
ACEPEN_HF_12_2,ACEPEN,HF,12,2,23.83763028,325.637476,2022
ALNINC_HF_5_2,ALNINC,HF,5,2,17.74531623,325.6423771,2019
AROMEL_HF_13_1,AROMEL,HF,13,1,14.17385305,325.7913467,2019
ALNINC_SH_4_1,ALNINC,SH,4,1,17.94895678,325.8270106,2019
SPITOM_WM_4A_2,SPITOM,WM,4A,2,36.5256917,326.1570195,2022
VIBCAS_GR_10_1,VIBCAS,GR,10,1,17.31242673,326.3135747,2022
SPIALB_HF_4B_2,SPIALB,HF,4B,2,24.81829574,326.5139116,2019
BETALL_SH_4_1,BETALL,SH,4,1,23.14681725,326.5935687,2022
ALNINC_WM_5_2,ALNINC,WM,5,2,18.0435587,326.7184801,2019
BETALL_WM_8_2,BETALL,WM,8,2,23.09368421,326.7692837,2022
BETALL_SH_9_1,BETALL,SH,9,1,18.97433636,326.7723343,2019
VIBCAS_GR_5_1,VIBCAS,GR,5,1,14.66142558,326.785072,2022
VIBCAS_GR_3_2,VIBCAS,GR,3,2,15.87846025,326.8445744,2019
VIBCAS_SH_5_1,VIBCAS,SH,5,1,17.074845,326.8579369,2022
AROMEL_HF_8B_1,AROMEL,HF,8B,1,18.014862,326.9698022,2022
SPITOM_WM_5C_1,SPITOM,WM,5C,1,27.48074807,327.0372369,2019
SORAME_GR_9B_2,SORAME,GR,9B,2,25.43365634,327.1500314,2019
ALNINC_WM_5A_2,ALNINC,WM,5A,2,26.7751046,327.3412087,2022
DIELON_GR_5C_1,DIELON,GR,5C,1,28.64316636,327.5931929,2022
ALNINC_HF_1_1,ALNINC,HF,1,1,16.88545513,327.7412608,2019
BETALL_SH_7_1,BETALL,SH,7,1,19.53149401,327.836679,2019
MYRGAL_GR_8D_2,MYRGAL,GR,8D,2,27.09493671,328.1753038,2022
SPIALB_GR_7_1,SPIALB,GR,7,1,32.87600189,328.1757698,2019
SORAME_GR_9D_1,SORAME,GR,9D,1,20.58347992,328.2432432,2019
VIBCAS_GR_12A_1,VIBCAS,GR,12A,1,16.45415848,328.3094322,2022
BETALL_WM_9_1,BETALL,WM,9,1,24.54528302,328.4241836,2022
DIELON_HF_1B_2,DIELON,HF,1B,2,20.41761266,328.4745763,2019
ALNINC_WM_5B_2,ALNINC,WM,5B,2,17.52525015,328.5030864,2019
AROMEL_WM_15_2,AROMEL,WM,15,2,15.48696462,328.520739,2022
BETALL_SH_4B_2,BETALL,SH,4B,2,21.45179462,328.7301587,2019
AMECAN_GR_10_2,AMECAN,GR,10,2,17.30913252,328.7624389,2019
VIBCAS_WM_10_1,VIBCAS,WM,10,1,14.47726666,328.9142523,2019
DIELON_HF_3_1,DIELON,HF,3,1,22.73144399,329.0335472,2022
AROMEL_HF_8A_1,AROMEL,HF,8A,1,16.93983592,329.3305314,2022
AMECAN_GR_10_1,AMECAN,GR,10,1,19.20232208,329.4375974,2019
BETPOP_HF_5_1,BETPOP,HF,5,1,18.43191543,329.5272325,2019
BETPAP_GR_8_2,BETPAP,GR,8,2,23.16464424,329.6363636,2019
ALNINC_GR_11B_2,ALNINC,GR,11B,2,21.24810127,329.8538622,2022
ALNINC_GR_1_2,ALNINC,GR,1,2,24.34853029,329.9030279,2022
DIELON_HF_2C_1,DIELON,HF,2C,1,34.21730382,330.0132802,2022
AROMEL_HF_10_1,AROMEL,HF,10,1,15.01339585,330.0906478,2022
DIELON_HF_4_2,DIELON,HF,4,2,18.96718576,330.1384452,2022
SPIALB_HF_8_1,SPIALB,HF,8,1,30.18011527,330.201023,2019
SPIALB_SH_4A_2,SPIALB,SH,4A,2,31.67055167,330.2116742,2019
VIBCAS_WM_9B_1,VIBCAS,WM,9B,1,16.80371517,330.2658487,2022
BETALL_SH_4_2,BETALL,SH,4,2,22.17635596,330.2726707,2022
ALNINC_WM_2B_2,ALNINC,WM,2B,2,18.35542522,330.4263566,2019
AROMEL_HF_8A_1,AROMEL,HF,8A,1,15.34278683,330.467449,2019
BETPOP_HF_3_2,BETPOP,HF,3,2,19.18494996,330.5133261,2019
VIBCAS_WM_7_2,VIBCAS,WM,7,2,18.17910448,330.5822194,2019
SPIALB_GR_5_2,SPIALB,GR,5,2,28.0881711,330.5916306,2019
SPIALB_SH_4A_1,SPIALB,SH,4A,1,33.58139535,330.6166385,2019
ALNINC_HF_9_1,ALNINC,HF,9,1,21.02737882,330.9369616,2022
ALNINC_HF_8_2,ALNINC,HF,8,2,18.72201493,330.9820686,2019
BETPAP_HF_16A_2,BETPAP,HF,16A,2,17.19627162,331.1737089,2019
MYRGAL_GR_8D_1,MYRGAL,GR,8D,1,24.61494253,331.1762467,2022
VIBCAS_WM_9B_1,VIBCAS,WM,9B,1,16.04422254,331.4420804,2022
DIELON_HF_1A_1,DIELON,HF,1A,1,3.255817378,331.6077359,2022
SPIALB_SH_9B_1,SPIALB,SH,9B,1,26.99168975,331.8014706,2019
Spialb_HF_4A_2,SPIALB,HF,4A,2,35.98928571,331.8715183,2022
VIBCAS_WM_4_1,VIBCAS,WM,4,1,15.05744125,331.9538038,2022
ALNINC_WM_5B_1,ALNINC,WM,5B,1,17.61986124,332.4268503,2019
VIBCAS_WM_4_1,VIBCAS,WM,4,1,14.08451417,332.5367709,2022
VIBCAS_GR_12A_2,VIBCAS,GR,12A,2,14.3757855,332.6458374,2022
DIELON_GR_2_1,DIELON,GR,2,1,23.96722431,332.6644961,2019
ALNINC_SH_1_1,ALNINC,SH,1,1,20.16411787,333.0894533,2019
AROMEL_WM_5_2,AROMEL,WM,5,2,18.95128155,333.0943691,2019
VIBCAS_SH_9_1,VIBCAS,SH,9,1,16.16666667,333.1096333,2019
SORAME_GR_9B_1,SORAME,GR,9B,1,23.22841237,333.6731844,2019
AMECAN_GR_10B_1,AMECAN,GR,10B,1,17.79100764,333.880538,2019
BETPOP_HF_5_2,BETPOP,HF,5,2,15.13028409,334.029357,2019
VIBCAS_GR_12B_2,VIBCAS,GR,12B,2,13.99831721,334.1439757,2022
VIBCAS_HF_7_2,VIBCAS,HF,7,2,14.60700149,334.1521231,2019
Spialb_HF_4A_1,SPIALB,HF,4A,1,40.30627306,334.2790181,2022
VIBCAS_WM_4_2,VIBCAS,WM,4,2,14.46659708,334.43882,2022
MYRGAL_SH_99_2,MYRGAL,SH,99,2,18.68794326,334.519573,2019
ACESPI_GR_4_1,ACESPI,GR,4,1,21.82311045,334.7329467,2019
Vibcas_HF_7A_2,VIBCAS,HF,7A,2,NA,334.9011303,2022
SPIALB_WM_7A_1,SPIALB,WM,7A,1,35.88086643,335.0063494,2022
AROMEL_HF_13_2,AROMEL,HF,13,2,14.19727891,335.2464936,2019
BETPOP_GR_3_1,BETPOP,GR,3,1,19.31738759,335.3385417,2019
SAMRAC_GR_8_1,SAMRAC,GR,8,1,24.72359209,335.3409555,2022
ALNINC_WM_5B_2,ALNINC,WM,5B,2,19.75129803,335.3414354,2022
AROMEL_HF_10_1,AROMEL,HF,10,1,16.38634879,335.3778751,2019
Betpop_HF_16A_2,BETPOP,HF,16A,2,NA,335.430353,2022
VIBCAS_HF_7_1,VIBCAS,HF,7,1,15.4797486,335.433698,2019
DIELON_SH_4_1,DIELON,SH,4,1,18.77603332,335.4951985,2019
AROMEL_HF_12_2,AROMEL,HF,12,2,15.13232514,335.61021,2022
VIBCAS_SH_5_2,VIBCAS,SH,5,2,14.46985373,335.6564641,2022
VIBCAS_GR_12B_2,VIBCAS,GR,12B,2,12.7940368,335.7546145,2019
ALNINC_HF_9_2,ALNINC,HF,9,2,17.83560739,335.7635468,2019
ALNINC_SH_5_2,ALNINC,SH,5,2,18.1531769,335.7825779,2019
VIBCAS_SH_1B_2,VIBCAS,SH,1B,2,16.2996134,336.3092658,2022
Spitom_GR_2C_2,SPITOM,GR,2C,2,36.765,336.473755,2022
DIELON_HF_2C_2,DIELON,HF,2C,2,30.17357143,336.8623677,2022
DIELON_HF_2B_1,DIELON,HF,2B,1,24.34260615,336.8763718,2022
ALNINC_SH_1_2,ALNINC,SH,1,2,19.31402597,336.8793503,2019
BETPOP_GR_3_2,BETPOP,GR,3,2,19.28727322,337.2900851,2019
AMECAN_GR_10B_1,AMECAN,GR,10B,1,16.7772424,337.4609131,2019
SPITOM_WM_4A_2,SPITOM,WM,4A,2,28.82978723,337.5690608,2019
AMECAN_SH_4_2,AMECAN,SH,4,2,18.25624049,337.673716,2019
VIBCAS_SH_5B_1,VIBCAS,SH,5B,1,14.96117936,337.7817614,2022
SPIALB_HF_8_2,SPIALB,HF,8,2,27.29496403,338.2982866,2019
DIELON_GR_8_2,DIELON,GR,8,2,18.26281841,338.4017758,2019
VIBCAS_GR_10_1,VIBCAS,GR,10,1,16.95566502,338.4320427,2022
ALNINC_GR_1_1,ALNINC,GR,1,1,23.42004264,338.6403841,2022
MYRGAL_WM_6A_2,MYRGAL,WM,6A,2,22.05818182,338.7533875,2022
ALNINC_GR_8_1,ALNINC,GR,8,1,16.478602,338.7741787,2022
AROMEL_HF_12_2,AROMEL,HF,12,2,11.57600208,339.039887,2019
SPITOM_SH_99_2,SPITOM,SH,99,2,34.44711538,339.2041748,2022
ALNINC_HF_9_2,ALNINC,HF,9,2,22.46004206,339.243035,2022
ALNINC_SH_5_2,ALNINC,SH,5,2,21.59913482,339.3770339,2022
ALNINC_GR_11_2,ALNINC,GR,11,2,20.93945634,339.7277141,2019
SPITOM_HF_6A_2,SPITOM,HF,6A,2,27.09552496,339.7660819,2019
DIELON_HF_1B_1,DIELON,HF,1B,1,19.63376954,339.828912,2019
BETPOP_WM_7_2,BETPOP,WM,7,2,20.33850932,339.9313803,2022
DIELON_GR_5C_2,DIELON,GR,5C,2,29.03186097,339.9803053,2022
VIBCAS_GR_10_1,VIBCAS,GR,10,1,13.11971723,340.0278697,2019
VIBCAS_GR_10_2,VIBCAS,GR,10,2,16.93397129,340.0530418,2022
AROMEL_HF_12_1,AROMEL,HF,12,1,15.84962913,340.3718155,2022
VIBCAS_WM_9A_2,VIBCAS,WM,9A,2,13.8017094,340.4395647,2022
VIBCAS_SH_1_1,VIBCAS,SH,1,1,18.46101695,340.5417885,2022
VIBCAS_SH_5C_1,VIBCAS,SH,5C,1,13.54786204,340.8095952,2019
Betpop_HF_16A_1,BETPOP,HF,16A,1,NA,340.9090909,2022
AROMEL_HF_12_1,AROMEL,HF,12,1,14.64252932,341.1324693,2022
SPIALB_HF_10_1,SPIALB,HF,10,1,30.65246338,341.2860713,2019
MYRGAL_SH_99_1,MYRGAL,SH,99,1,18.88530928,341.3990321,2019
SORAME_SH_3A_2,SORAME,SH,3A,2,24.07502313,341.401181,2019
SPITOM_WM_4A_1,SPITOM,WM,4A,1,37.19277108,341.4232826,2022
DIELON_WM_1B_2,DIELON,WM,1B,2,19.74239281,341.4403778,2019
VIBCAS_GR_10_2,VIBCAS,GR,10,2,15.80298507,341.4882773,2022
AROMEL_HF_13_2,AROMEL,HF,13,2,15.1026694,341.570617,2022
BETPOP_HF_4_1,BETPOP,HF,4,1,17.01500682,341.5816208,2019
BETPOP_HF_4_2,BETPOP,HF,4,2,16.55678072,341.5912709,2019
DIELON_HF_2C_1,DIELON,HF,2C,1,21.92715089,341.9953425,2019
AROMEL_WM_15_1,AROMEL,WM,15,1,16.64233577,342.20668,2022
SPIALB_WM_4A_1,SPIALB,WM,4A,1,23.79413974,342.291372,2019
SPIALB_WM_4C_2,SPIALB,WM,4C,2,26.54890415,342.5210084,2019
MYRGAL_WM_6A_2,MYRGAL,WM,6A,2,18.59071274,342.5823159,2019
ALNINC_HF_9_1,ALNINC,HF,9,1,17.13287299,342.7280551,2019
BETPAP_GR_8_2,BETPAP,GR,8,2,20.32462391,342.8959276,2019
SPIALB_GR_12A_2,SPIALB,GR,12A,2,35.01017812,342.9319372,2022
VIBCAS_SH_5C_2,VIBCAS,SH,5C,2,14.32525952,342.9938744,2019
AROMEL_HF_10_2,AROMEL,HF,10,2,18.06269592,343.0107527,2022
AROMEL_WM_5_2,AROMEL,WM,5,2,19.78654469,343.2328122,2019
ALNINC_GR_8A_1,ALNINC,GR,8A,1,23.25657143,343.2718713,2022
SPITOM_GR_1A_2,SPITOM,GR,1A,2,23.39144647,343.4050514,2019
BETPOP_GR_5_2,BETPOP,GR,5,2,17.97574404,343.558114,2019
QUEALB_HF_4B_2,QUEALB,HF,4B,2,25.56441939,343.6108821,2019
DIELON_HF_4_2,DIELON,HF,4,2,15.05614434,343.8611714,2019
ALNINC_SH_5_1,ALNINC,SH,5,1,19.28429319,343.8839077,2022
BETALL_WM_8A_1,BETALL,WM,8A,1,22.77503968,343.9942529,2019
SPITOM_SH_99B_2,SPITOM,SH,99B,2,22.20309811,344.1263574,2019
SPITOM_HF_13_2,SPITOM,HF,13,2,25.16356639,344.1501104,2019
SPIALB_WM_4C_1,SPIALB,WM,4C,1,37.71219512,344.2485306,2022
DIELON_HF_2A_1,DIELON,HF,2A,1,22.19701987,344.3557583,2022
ALNINC_GR_8B_2,ALNINC,GR,8B,2,19.94790548,344.7573553,2022
VIBCAS_WM_10_2,VIBCAS,WM,10,2,14.34660926,345.4387705,2019
ALNINC_HF_1_2,ALNINC,HF,1,2,17.54593242,345.444798,2019
VIBCAS_SH_1B_1,VIBCAS,SH,1B,1,16.26465426,345.5176094,2022
DIELON_SH_4_2,DIELON,SH,4,2,18.74926901,345.5330757,2022
SORAME_SH_3A_1,SORAME,SH,3A,1,21.5346211,345.6244864,2019
AROMEL_HF_12_2,AROMEL,HF,12,2,14.60028885,345.9006759,2019
BETPOP_GR_5B_1,BETPOP,GR,5B,1,23.45033113,346.0921384,2022
ACESPI_GR_4_2,ACESPI,GR,4,2,21.50226532,346.2311143,2019
ALNINC_GR_11_1,ALNINC,GR,11,1,18.18715305,346.438089,2022
VIBCAS_GR_10_2,VIBCAS,GR,10,2,13.98420971,346.6044249,2019
SPITOM_GR_2C_1,SPITOM,GR,2C,1,25.73422669,347.0930233,2019
ALNINC_SH_3_1,ALNINC,SH,3,1,18.45248914,347.1448102,2019
AMECAN_GR_10B_2,AMECAN,GR,10B,2,18.1601009,347.2805503,2019
ALNINC_GR_8B_1,ALNINC,GR,8B,1,21.92176871,347.6273057,2022
BETALL_GR_14_1,BETALL,GR,14,1,21.74091333,347.6654894,2019
DIELON_HF_2_2,DIELON,HF,2,2,20.21692411,347.7834353,2022
QUEALB_HF_4B_1,QUEALB,HF,4B,1,24.19720334,347.9021651,2019
AROMEL_WM_5_1,AROMEL,WM,5,1,18.9578714,347.9938272,2019
SPIALB_GR_12A_1,SPIALB,GR,12A,1,34.69350649,348.4162896,2022
BETPOP_WM_7_2,BETPOP,WM,7,2,25.06837607,348.4365029,2022
DIELON_GR_6_1,DIELON,GR,6,1,16.6250992,348.4495358,2019
SPITOM_GR_1_1,SPITOM,GR,1,1,21.41444115,348.6206897,2019
SPIALB_SH_7B_2,SPIALB,SH,7B,2,26.62523901,348.6666667,2019
SPITOM_SH_99_1,SPITOM,SH,99,1,29.14619883,348.6949429,2019
SORAME_SH_1B_1,SORAME,SH,1B,1,20.55554463,348.6966662,2019
SPITOM_GR_1B_1,SPITOM,GR,1B,1,22.96256104,348.7887964,2019
SORAME_SH_1A_1,SORAME,SH,1A,1,19.42120447,348.8050314,2019
BETPOP_GR_5_1,BETPOP,GR,5,1,17.41005603,348.8683128,2019
SPIALB_WM_4B_1,SPIALB,WM,4B,1,23.03148076,349.1180461,2019
DIELON_HF_2A_2,DIELON,HF,2A,2,21.73394495,349.3589744,2022
QUEALB_HF_4_2,QUEALB,HF,4,2,25.12226735,350.1399289,2019
ALNINC_SH_6_2,ALNINC,SH,6,2,17.72577417,350.2268041,2019
DIELON_HF_2_1,DIELON,HF,2,1,19.27440828,350.4588107,2022
DIELON_HF_2B_2,DIELON,HF,2B,2,21.08378016,350.5062607,2022
SPITOM_HF_5_2,SPITOM,HF,5,2,22.65151515,350.6907545,2019
DIELON_WM_1A_1,DIELON,WM,1A,1,23.58716707,350.7430998,2022
DIELON_WM_1B_1,DIELON,WM,1B,1,21.32317208,350.9302326,2019
BETPOP_WM_8_2,BETPOP,WM,8,2,18.59347636,350.9796389,2019
DIELON_SH_4_1,DIELON,SH,4,1,20.76699029,350.9796763,2022
BETPOP_GR_5B_2,BETPOP,GR,5B,2,22.00791855,351.0165184,2022
BETALL_SH_5_2,BETALL,SH,5,2,24.82057143,351.3421269,2022
AROMEL_WM_2_1,AROMEL,WM,2,1,17.30582524,351.3559611,2022
AROMEL_WM_7_2,AROMEL,WM,7,2,16.91666667,351.5225833,2022
SPITOM_SH_9_1,SPITOM,SH,9,1,30.75308642,351.5625,2022
AROMEL_HF_8B_2,AROMEL,HF,8B,2,13.22370937,351.8094982,2019
BETPOP_WM_7_2,BETPOP,WM,7,2,18.18514644,351.8802527,2019
SORAME_SH_1A_2,SORAME,SH,1A,2,20.79507279,352.2404544,2019
SPIALB_GR_12_1,SPIALB,GR,12,1,32.1454219,352.3086654,2019
SPIALB_HF_8_1,SPIALB,HF,8,1,32.0380117,352.6863979,2022
SPITOM_SH_99B_1,SPITOM,SH,99B,1,24.47641886,352.8913963,2019
SORAME_SH_3_2,SORAME,SH,3,2,25.86342613,353.1757305,2019
ALNINC_GR_8_2,ALNINC,GR,8,2,16.30956938,353.3867641,2022
BETALL_GR_14_2,BETALL,GR,14,2,19.48670944,353.4557235,2019
MYRGAL_WM_6A_2,MYRGAL,WM,6A,2,25.3744856,353.6603115,2022
DIELON_GR_6_2,DIELON,GR,6,2,19.57484896,353.9241308,2019
SPITOM_GR_1B_2,SPITOM,GR,1B,2,19.20596728,354.0034072,2019
SPIALB_HF_8_2,SPIALB,HF,8,2,27.75690608,354.1381334,2022
SPIALB_WM_4C_1,SPIALB,WM,4C,1,25.75387123,354.265916,2019
SORAME_SH_3B_1,SORAME,SH,3B,1,23.456854,354.3082781,2019
DIELON_HF_2A_1,DIELON,HF,2A,1,24.28782652,354.4104803,2019
MYRGAL_WM_6B_1,MYRGAL,WM,6B,1,22.59323504,354.4420535,2019
AROMEL_HF_12_1,AROMEL,HF,12,1,13.91472474,354.5093795,2019
VIBCAS_WM_4_2,VIBCAS,WM,4,2,12.7344061,354.5766129,2019
ALNINC_WM_5B_1,ALNINC,WM,5B,1,20.85019785,354.7222779,2022
BETPAP_HF_16_2,BETPAP,HF,16,2,15.46583851,355.2357692,2019
SPIALB_WM_4B_2,SPIALB,WM,4B,2,25.14442916,355.2840562,2019
ALNINC_SH_4_1,ALNINC,SH,4,1,20.36750867,355.3639004,2022
BETPOP_HF_3A_1,BETPOP,HF,3A,1,20.27503892,355.3711388,2019
VIBCAS_WM_9B_2,VIBCAS,WM,9B,2,13.23879444,355.396869,2022
BETPOP_WM_7_1,BETPOP,WM,7,1,15.57841925,355.5584281,2019
SPIALB_WM_7A_1,SPIALB,WM,7A,1,24.92114695,355.6405354,2022
SPIALB_GR_7_2,SPIALB,GR,7,2,34.07204611,355.9704555,2022
SORAME_SH_3_1,SORAME,SH,3,1,17.73694886,356.0637606,2019
AROMEL_HF_8A_2,AROMEL,HF,8A,2,15.09112333,356.0839161,2022
BETALL_WM_8A_2,BETALL,WM,8A,2,18.19003865,356.1818182,2019
BETPOP_WM_9_1,BETPOP,WM,9,1,16.84755245,356.3122924,2019
SPIALB_WM_7A_2,SPIALB,WM,7A,2,28.97674419,356.5177338,2022
QUEALB_HF_4A_1,QUEALB,HF,4A,1,22.78873881,356.547619,2019
VIBCAS_WM_4_2,VIBCAS,WM,4,2,14.02609189,356.6227041,2022
SORAME_GR_9B_1,SORAME,GR,9B,1,16.80845687,357.0812697,2019
ALNINC_GR_8A_1,ALNINC,GR,8A,1,16.34007965,357.3294347,2019
BETPOP_GR_3_1,BETPOP,GR,3,1,19.22842232,357.419577,2019
SPIALB_SH_7B_1,SPIALB,SH,7B,1,26.03988604,357.5551783,2019
ALNINC_WM_2A_2,ALNINC,WM,2A,2,15.99275625,357.9253037,2022
SPIALB_GR_3_2,SPIALB,GR,3,2,32.89940828,357.9370963,2022
DIELON_HF_2_1,DIELON,HF,2,1,16.72329181,358.1060529,2019
SPIALB_WM_2B_2,SPIALB,WM,2B,2,31.55080214,358.1346356,2022
SPITOM_WM_5_2,SPITOM,WM,5,2,23.6266885,358.2111437,2019
BETALL_GR_12_1,BETALL,GR,12,1,18.92546584,358.2864561,2022
SPITOM_SH_99E_2,SPITOM,SH,99E,2,22.95783133,358.2991582,2019
BETPAP_HF_16_1,BETPAP,HF,16,1,19.59650694,358.4499807,2022
DIELON_SH_4A_2,DIELON,SH,4A,2,16.49121024,358.5978209,2019
BETPAP_GR_8_1,BETPAP,GR,8,1,19.4610019,358.6808188,2019
ALNINC_SH_3_2,ALNINC,SH,3,2,20.01268932,359.2118806,2022
AROMEL_HF_12_1,AROMEL,HF,12,1,14.77492877,359.7540143,2019
SORAME_SH_1B_2,SORAME,SH,1B,2,18.42636746,359.7706422,2019
ALNINC_HF_8_1,ALNINC,HF,8,1,17.47087463,359.7747889,2019
SPITOM_HF_13_1,SPITOM,HF,13,1,26.95504087,359.8039216,2019
SPIALB_HF_1_1,SPIALB,HF,1,1,28.31485588,360.0798403,2022
ALNINC_SH_3_1,ALNINC,SH,3,1,17.18384279,360.4028958,2022
AROMEL_HF_4_2,AROMEL,HF,4,2,13.22157676,360.4546814,2022
AMECAN_GR_10B_2,AMECAN,GR,10B,2,18.08492923,360.7256563,2019
ALNINC_WM_5B_2,ALNINC,WM,5B,2,21.32358804,360.8247423,2022
BETPOP_WM_7_2,BETPOP,WM,7,2,20.17203219,360.9557702,2022
ALNINC_SH_8_2,ALNINC,SH,8,2,18.03875236,361.005903,2022
SPIALB_HF_4A_2,SPIALB,HF,4A,2,28.88888889,361.0315186,2022
AROMEL_WM_2_1,AROMEL,WM,2,1,15.92563601,361.130742,2019
BETPOP_WM_8_1,BETPOP,WM,8,1,18.91304348,361.1630986,2019
BETPOP_GR_3_1,BETPOP,GR,3,1,17.67081604,361.328369,2022
ALNINC_GR_11_1,ALNINC,GR,11,1,18.88241698,362.3703002,2022
AROMEL_HF_4_1,AROMEL,HF,4,1,14.53491272,362.5678119,2022
SPITOM_SH_99F_2,SPITOM,SH,99F,2,29.38795987,362.6000485,2022
BETALL_SH_2_1,BETALL,SH,2,1,21.38260514,363.0030386,2022
ALNINC_SH_1_1,ALNINC,SH,1,1,20.71923077,363.3441638,2022
AMECAN_SH_4_2,AMECAN,SH,4,2,16.50627615,363.3724948,2019
AMECAN_GR_10A_1,AMECAN,GR,10A,1,19.92432432,363.5393858,2019
SPIALB_WM_4A_2,SPIALB,WM,4A,2,21.96564885,363.816703,2019
SPITOM_GR_2E_1,SPITOM,GR,2E,1,25.53166764,363.8477801,2019
ALNINC_HF_1_1,ALNINC,HF,1,1,18.55736177,363.9158645,2019
VIBCAS_WM_7_2,VIBCAS,WM,7,2,15.37160659,364.0045359,2022
SPITOM_SH_99F_1,SPITOM,SH,99F,1,31.04887218,364.0344875,2022
AROMEL_WM_2_2,AROMEL,WM,2,2,16.42450422,364.1238293,2019
VIBCAS_WM_9B_2,VIBCAS,WM,9B,2,15.92716049,364.1267701,2022
ALNINC_GR_1_2,ALNINC,GR,1,2,19.2570594,364.4816694,2022
ALNINC_WM_5A_1,ALNINC,WM,5A,1,16.75661569,364.5930465,2019
SPIALB_WM_2B_2,SPIALB,WM,2B,2,24.0204499,364.6532438,2022
BETALL_GR_1_1,BETALL,GR,1,1,19.1011396,364.713217,2022
DIELON_GR_8_1,DIELON,GR,8,1,16.77791684,365.0253807,2019
SPITOM_WM_4B_1,SPITOM,WM,4B,1,27.907173,365.1771957,2022
BETALL_WM_8A_2,BETALL,WM,8A,2,18.41825432,365.2871963,2022
BETALL_WM_8A_1,BETALL,WM,8A,1,17.36637242,365.3562903,2019
ALNINC_WM_2B_1,ALNINC,WM,2B,1,18.42761905,365.3953229,2022
SPITOM_GR_2B_1,SPITOM,GR,2B,1,30.8984375,365.7142857,2019
VIBCAS_SH_9_2,VIBCAS,SH,9,2,13.66844287,365.8536585,2022
DIELON_GR_8_2,DIELON,GR,8,2,2.045384615,365.8536585,2022
BETPOP_WM_8_1,BETPOP,WM,8,1,16.68856483,365.8742736,2019
MYRGAL_WM_6_1,MYRGAL,WM,6,1,24.93220339,365.929295,2022
AROMEL_HF_8B_2,AROMEL,HF,8B,2,19.18181818,365.9347971,2022
BETALL_GR_1_2,BETALL,GR,1,2,21.61057174,366.1065145,2022
BETALL_GR_12_2,BETALL,GR,12,2,22.0349162,366.3247295,2022
SPITOM_GR_2D_1,SPITOM,GR,2D,1,22.39143023,366.6666667,2019
ALNINC_SH_1_2,ALNINC,SH,1,2,21.14992026,366.6666667,2022
ALNINC_SH_4_1,ALNINC,SH,4,1,17.0052664,366.684064,2019
SORAME_SH_3B_2,SORAME,SH,3B,2,19.76311628,366.691881,2019
BETPOP_WM_8_2,BETPOP,WM,8,2,16.83572511,366.7538411,2019
VIBCAS_SH_9_1,VIBCAS,SH,9,1,13.63391934,366.8367444,2022
DIELON_GR_8_1,DIELON,GR,8,1,23.60775862,366.8950975,2022
MYRGAL_WM_6_2,MYRGAL,WM,6,2,25.03763441,366.9362793,2022
BETALL_SH_9_1,BETALL,SH,9,1,18.82520448,367.0306211,2022
ALNINC_SH_6_1,ALNINC,SH,6,1,15.94988885,367.2108844,2019
BETPOP_HF_3B_2,BETPOP,HF,3B,2,15.46162121,367.5116279,2019
SPIALB_SH_7A_1,SPIALB,SH,7A,1,29.97735849,367.5450763,2022
ALNINC_SH_3_2,ALNINC,SH,3,2,15.17020387,367.8025451,2019
BETPOP_GR_5_2,BETPOP,GR,5,2,19.26701031,367.8980505,2022
BETALL_GR_12_2,BETALL,GR,12,2,16.88965973,368.0198417,2022
BETALL_GR_12_1,BETALL,GR,12,1,20.74416244,368.052312,2022
SPITOM_GR_2D_2,SPITOM,GR,2D,2,24.57527334,368.1114551,2019
BETPAP_GR_8_1,BETPAP,GR,8,1,16.99658703,368.1878307,2019
SPITOM_WM_5_2,SPITOM,WM,5,2,30.30841121,368.3938716,2022
BETPOP_GR_5_1,BETPOP,GR,5,1,19.59879639,368.4268874,2022
SPIALB_WM_7B_2,SPIALB,WM,7B,2,25.02136752,368.6200378,2022
SPIALB_SH_7B_1,SPIALB,SH,7B,1,29.08937198,368.6553874,2022
MYRGAL_WM_6_1,MYRGAL,WM,6,1,20.16467916,368.718593,2019
ALNINC_GR_1_1,ALNINC,GR,1,1,17.80455741,368.7842402,2022
BETALL_WM_8A_1,BETALL,WM,8A,1,18.98657074,368.7915664,2022
BETPAP_HF_16B_2,BETPAP,HF,16B,2,18.92033294,368.8596491,2022
Alninc_SH_5_2,ALNINC,SH,5,2,NA,368.9639768,2022
ALNINC_HF_1_2,ALNINC,HF,1,2,19.94450935,369.1325816,2022
AROMEL_HF_8A_2,AROMEL,HF,8A,2,13.85737851,369.4536249,2019
ALNINC_WM_5A_1,ALNINC,WM,5A,1,16.42283503,369.5426753,2022
SPIALB_GR_3_1,SPIALB,GR,3,1,21.06358382,369.8556921,2022
ALNINC_HF_2_2,ALNINC,HF,2,2,18.28528785,369.8563159,2022
SPITOM_HF_9A_1,SPITOM,HF,9A,1,23.4647651,370.1863354,2019
BETPOP_HF_3B_1,BETPOP,HF,3B,1,15.26114729,370.487239,2019
SPIALB_HF_2_2,SPIALB,HF,2,2,25.04381443,370.582617,2022
BETPAP_GR_8_2,BETPAP,GR,8,2,22.96774194,370.6360593,2022
VIBCAS_WM_7_1,VIBCAS,WM,7,1,14.76155187,371.1673813,2022
SPIALB_WM_2A_1,SPIALB,WM,2A,1,27.93968254,371.4622642,2022
BETALL_SH_5_1,BETALL,SH,5,1,21.1247325,371.5103469,2022
SPIALB_WM_4C_2,SPIALB,WM,4C,2,33.72523962,371.6015671,2022
ALNINC_SH_4_2,ALNINC,SH,4,2,17.46079413,371.6057037,2019
SPITOM_SH_99F_2,SPITOM,SH,99F,2,23.11675127,371.6981132,2019
SPIALB_GR_12_2,SPIALB,GR,12,2,30.58131488,371.7519938,2022
SORAME_SH_3_1,SORAME,SH,3,1,20.86785656,371.935808,2019
SPITOM_WM_5D_2,SPITOM,WM,5D,2,24.28923583,372.7411945,2019
BETPOP_GR_3_2,BETPOP,GR,3,2,20.88164459,372.7476755,2019
AROMEL_WM_7_1,AROMEL,WM,7,1,14.37397995,372.9565217,2019
ALNINC_HF_9_1,ALNINC,HF,9,1,17.26716418,373.078922,2022
BETPOP_HF_3_1,BETPOP,HF,3,1,22.02631579,373.280943,2022
BETALL_GR_14_2,BETALL,GR,14,2,19.47824736,373.4045022,2022
BETALL_GR_14_2,BETALL,GR,14,2,16.83865824,373.5957447,2019
AMECAN_SH_4_1,AMECAN,SH,4,1,16.33419791,374.0958542,2019
AMECAN_SH_4_1,AMECAN,SH,4,1,17.50834598,374.2191936,2019
MYRGAL_WM_6_2,MYRGAL,WM,6,2,18.66692729,374.469331,2019
ALNINC_SH_4_1,ALNINC,SH,4,1,20.82971729,374.5475141,2022
ALNINC_WM_5A_2,ALNINC,WM,5A,2,17.89735516,374.6431689,2022
ALNINC_HF_5_1,ALNINC,HF,5,1,16.90365641,374.858585,2022
BETALL_GR_14_1,BETALL,GR,14,1,25.29259897,374.9596644,2022
BETPOP_WM_8_1,BETPOP,WM,8,1,25.42589118,375.2464095,2022
BETPOP_HF_3B_1,BETPOP,HF,3B,1,17.7745098,375.3173639,2022
BETPAP_GR_8_1,BETPAP,GR,8,1,22.93308891,375.36556,2022
AMECAN_GR_10A_2,AMECAN,GR,10A,2,16.94658416,375.3792188,2019
BETPAP_HF_16B_1,BETPAP,HF,16B,1,18.48694779,375.3816003,2022
BETALL_GR_13_1,BETALL,GR,13,1,14.86906032,375.467165,2019
Spitom_GR_2C_1,SPITOM,GR,2C,1,26.59393939,375.6830601,2022
SPIALB_WM_4B_1,SPIALB,WM,4B,1,31.88817204,375.8183141,2022
AMECAN_GR_10A_2,AMECAN,GR,10A,2,19.1056259,375.8433735,2019
BETPAP_GR_8_1,BETPAP,GR,8,1,19.55381471,375.9668084,2022
MYRGAL_WM_6B_1,MYRGAL,WM,6B,1,18.35422343,376.4874846,2022
ALNINC_GR_11_2,ALNINC,GR,11,2,18.29197531,376.7879986,2022
SPITOM_SH_99D_2,SPITOM,SH,99D,2,20.30894309,376.9922354,2019
BETALL_GR_14_1,BETALL,GR,14,1,18.63368134,377.3067866,2019
BETALL_GR_14_1,BETALL,GR,14,1,18.56088673,377.5077382,2022
ALNINC_WM_5B_1,ALNINC,WM,5B,1,16.87010336,377.8358209,2019
SPIALB_SH_7_2,SPIALB,SH,7,2,27.82216495,378.3520234,2022
Alninc_SH_5_1,ALNINC,SH,5,1,NA,378.462163,2022
AROMEL_HF_13_1,AROMEL,HF,13,1,13.22834646,378.5292364,2022
DIELON_WM_1A_2,DIELON,WM,1A,2,20.1682243,378.8951841,2022
DIELON_SH_4_2,DIELON,SH,4,2,21.19442351,378.980437,2019
SPIALB_HF_10_1,SPIALB,HF,10,1,33.61403509,379.1784467,2022
ALNINC_HF_5_2,ALNINC,HF,5,2,17.38291605,379.2236805,2022
BETPOP_GR_5_2,BETPOP,GR,5,2,16.66240157,379.3309438,2022
SPIALB_GR_9_2,SPIALB,GR,9,2,24.95317378,379.3421053,2019
ALNINC_GR_11B_1,ALNINC,GR,11B,1,17.49272349,379.4771998,2022
DIELON_GR_5A_2,DIELON,GR,5A,2,20.92725599,379.5344936,2022
BETPOP_WM_7_1,BETPOP,WM,7,1,18.71658502,379.6190527,2022
BETPOP_WM_7_1,BETPOP,WM,7,1,16.04759107,379.7666064,2022
QUEALB_HF_4_1,QUEALB,HF,4,1,27.17209857,379.816583,2019
SPITOM_HF_6A_1,SPITOM,HF,6A,1,23.73569199,379.8418972,2019
BETPOP_GR_5A_1,BETPOP,GR,5A,1,31.24981075,379.8815207,2022
BETPOP_WM_7_1,BETPOP,WM,7,1,2.464177215,380.2647413,2022
SPIALB_HF_1_2,SPIALB,HF,1,2,26.32628399,381.2485602,2022
SPIALB_SH_7B_2,SPIALB,SH,7B,2,29.16795866,381.2807882,2022
DIELON_SH_4_1,DIELON,SH,4,1,15.00716675,381.3080707,2019
SPIALB_WM_4B_2,SPIALB,WM,4B,2,30.09210526,381.4064362,2022
ALNINC_WM_5A_2,ALNINC,WM,5A,2,16.22760451,381.7303887,2019
SPIALB_GR_7_1,SPIALB,GR,7,1,28.7822736,381.9265582,2022
BETPOP_WM_7_2,BETPOP,WM,7,2,18.61737629,382.6086957,2022
SORAME_SH_3_2,SORAME,SH,3,2,20.23317893,382.7568591,2019
BETPAP_HF_16_1,BETPAP,HF,16,1,13.39246407,383.0853175,2019
SPITOM_WM_5E_1,SPITOM,WM,5E,1,NA,383.1041257,2022
SPIALB_WM_7B_1,SPIALB,WM,7B,1,31.45987654,383.2505323,2022
ALNINC_SH_8_1,ALNINC,SH,8,1,17.48526077,383.2560834,2022
SPIALB_HF_4_1,SPIALB,HF,4,1,26.67896679,383.3097595,2019
AMECAN_GR_10A_1,AMECAN,GR,10A,1,19.30510315,383.75,2019
BETPOP_HF_5_2,BETPOP,HF,5,2,16.86017989,384.0356717,2022
SPITOM_GR_2D_2,SPITOM,GR,2D,2,27.89380531,384.4191189,2022
SPITOM_GR_1A_1,SPITOM,GR,1A,1,19.32110092,384.4345168,2019
ALNINC_GR_8_2,ALNINC,GR,8,2,15.30515008,384.4949621,2019
BETPOP_GR_5A_2,BETPOP,GR,5A,2,19.23305085,384.6153846,2022
BETPAP_GR_8_2,BETPAP,GR,8,2,19.91135303,384.626888,2022
ACESPI_WM_1_1,ACESPI,WM,1,1,23.39353144,384.6542469,2019
ACESPI_WM_1_2,ACESPI,WM,1,2,19.09356725,384.6625767,2019
ALNINC_SH_1_2,ALNINC,SH,1,2,18.31013052,384.6705556,2022
Spitom_HF_6B_1,SPITOM,HF,6B,1,26.56,384.7633705,2022
AMECAN_SH_2_2,AMECAN,SH,2,2,24.86431479,384.8563969,2019
BETPOP_HF_3A_2,BETPOP,HF,3A,2,20.43458476,385.1884312,2022
ALNINC_SH_5_1,ALNINC,SH,5,1,17.81072027,385.2441385,2022
SPIALB_GR_5_1,SPIALB,GR,5,1,24.99206349,385.3211009,2019
AROMEL_WM_2_1,AROMEL,WM,2,1,13.70099668,385.9469163,2022
SPITOM_WM_4B_2,SPITOM,WM,4B,2,24.98181818,385.9649123,2022
MYRGAL_WM_6A_1,MYRGAL,WM,6A,1,23.20996441,386.0420387,2022
BETALL_SH_9_2,BETALL,SH,9,2,14.5176499,386.1667165,2022
MYRGAL_WM_6B_2,MYRGAL,WM,6B,2,16.28600823,386.5118498,2022
ALNINC_HF_1_1,ALNINC,HF,1,1,15.55042226,386.6915112,2022
SPITOM_GR_2D_1,SPITOM,GR,2D,1,31.91814947,386.945745,2022
ALNINC_HF_9_2,ALNINC,HF,9,2,16.53212291,387.0200537,2022
DIELON_HF_1_2,DIELON,HF,1,2,20.4839049,387.1151653,2019
BETALL_WM_8A_2,BETALL,WM,8A,2,18.5669344,387.1268657,2022
Spitom_HF_6B_2,SPITOM,HF,6B,2,24.10610932,387.2976339,2022
BETALL_SH_7_1,BETALL,SH,7,1,22.33648791,387.4516195,2022
DIELON_HF_1_1,DIELON,HF,1,1,21.70498084,387.4559287,2019
ALNINC_HF_2_1,ALNINC,HF,2,1,18.25750395,387.6063927,2022
BETALL_WM_8A_1,BETALL,WM,8A,1,16.49666349,387.6570584,2022
AMECAN_SH_3_2,AMECAN,SH,3,2,17.175,387.7471888,2019
ALNINC_SH_4_2,ALNINC,SH,4,2,20.77897768,387.7830202,2022
VACMYR_GR_10C_2,VACMYR,GR,10C,2,17.18111346,388.5542169,2019
BETPOP_GR_5_1,BETPOP,GR,5,1,15.34234234,388.903045,2022
ALNINC_SH_5_2,ALNINC,SH,5,2,16.92167454,388.9180672,2022
BETALL_GR_14_2,BETALL,GR,14,2,20.28990924,389.0735355,2022
DIELON_GR_5A_1,DIELON,GR,5A,1,20.40017746,389.103715,2022
BETPOP_HF_4_2,BETPOP,HF,4,2,19.07423581,389.1910265,2022
BETPAP_GR_8_2,BETPAP,GR,8,2,20.85628743,389.4362502,2022
SPITOM_GR_1_2,SPITOM,GR,1,2,25.53191489,389.7560976,2019
SPITOM_HF_6_1,SPITOM,HF,6,1,19.99168053,389.879987,2019
SPIALB_HF_10_2,SPIALB,HF,10,2,22.51186441,390.3148981,2022
SPIALB_WM_7B_1,SPIALB,WM,7B,1,26.80672269,390.462649,2022
AROMEL_WM_5_1,AROMEL,WM,5,1,16.33532636,390.4669261,2019
BETPOP_HF_5_1,BETPOP,HF,5,1,16.12083847,390.5234266,2022
BETPOP_HF_3_2,BETPOP,HF,3,2,22.31296572,390.7751441,2022
SPIALB_GR_5_1,SPIALB,GR,5,1,25.43807339,390.8210828,2022
ALNINC_HF_8_1,ALNINC,HF,8,1,18.69192478,390.978094,2022
SPIALB_SH_8_1,SPIALB,SH,8,1,26.94255875,391.215526,2022
BETPOP_HF_3A_1,BETPOP,HF,3A,1,20.84478022,391.4609883,2022
BETALL_GR_13_1,BETALL,GR,13,1,17.94927853,391.5224351,2022
SPITOM_WM_5E_2,SPITOM,WM,5E,2,NA,391.6200452,2022
ALNINC_SH_4_1,ALNINC,SH,4,1,15.29726997,391.706438,2022
BETPOP_WM_9_2,BETPOP,WM,9,2,19.77592372,392.2393642,2022
BETPOP_WM_7_2,BETPOP,WM,7,2,15.42614601,392.3658528,2022
SPIALB_SH_4B_2,SPIALB,SH,4B,2,24.61688312,392.406676,2022
SPIALB_SH_4A_2,SPIALB,SH,4A,2,24.56179775,392.4162257,2022
BETPAP_GR_8_1,BETPAP,GR,8,1,1.846691635,392.5316084,2022
VACMYR_GR_10C_1,VACMYR,GR,10C,1,18.45088161,392.6805143,2019
SPITOM_SH_99C_2,SPITOM,SH,99C,2,19.03419593,392.8117626,2019
BETPOP_HF_1_1,BETPOP,HF,1,1,16.14936709,392.9370803,2022
BETPOP_WM_8_1,BETPOP,WM,8,1,18.99775785,393.1247245,2022
SPITOM_WM_4A_1,SPITOM,WM,4A,1,28.61517976,393.1937173,2019
SPITOM_WM_5D_1,SPITOM,WM,5D,1,27.81163435,393.2461874,2019
ALNINC_WM_5B_2,ALNINC,WM,5B,2,14.72723212,393.3709667,2019
SPIALB_GR_5_2,SPIALB,GR,5,2,24.49694501,393.7134151,2022
AROMEL_WM_2_2,AROMEL,WM,2,2,14.2295082,393.7298294,2022
BETPAP_HF_16_1,BETPAP,HF,16,1,13.90894309,393.7612846,2022
BETPOP_WM_7_1,BETPOP,WM,7,1,18.93086003,394.439271,2022
MYRGAL_WM_6B_1,MYRGAL,WM,6B,1,1.928346457,395.0233281,2022
AROMEL_HF_8B_1,AROMEL,HF,8B,1,17.68005791,395.0529025,2019
SPIALB_SH_4A_1,SPIALB,SH,4A,1,24.03149606,395.2077174,2022
ALNINC_WM_2B_2,ALNINC,WM,2B,2,17.97668221,395.3953954,2022
SPITOM_WM_5_1,SPITOM,WM,5,1,25.61025641,395.5375254,2022
SPIALB_SH_8_2,SPIALB,SH,8,2,24.38675958,395.6983317,2022
ALNINC_GR_8_1,ALNINC,GR,8,1,15.84609275,395.7081995,2019
ALNINC_SH_1_1,ALNINC,SH,1,1,16.72122122,395.8316824,2022
SPIALB_HF_4B_1,SPIALB,HF,4B,1,24.43636364,395.9683225,2022
BETPOP_HF_3B_2,BETPOP,HF,3B,2,16.6411398,396.2037821,2022
MYRGAL_WM_6B_2,MYRGAL,WM,6B,2,15.76736111,396.4211975,2022
BETPOP_GR_5C_2,BETPOP,GR,5C,2,14.8952591,396.4507387,2022
ALNINC_GR_11_2,ALNINC,GR,11,2,15.76064909,396.6689464,2022
BETPOP_HF_1_2,BETPOP,HF,1,2,17.45261669,398.0407612,2022
BETPOP_WM_7_2,BETPOP,WM,7,2,20.41230769,398.1379395,2022
SPITOM_HF_6A_1,SPITOM,HF,6A,1,24.52786885,398.2763124,2022
BETPOP_WM_8_2,BETPOP,WM,8,2,22.2189781,398.8064915,2022
SPITOM_SH_9_2,SPITOM,SH,9,2,22.13409962,399.1435999,2022
SPITOM_GR_1_1,SPITOM,GR,1,1,24.29220779,399.2740472,2022
SPITOM_GR_2B_2,SPITOM,GR,2B,2,22.90283401,399.6763754,2022
BETPAP_HF_16_2,BETPAP,HF,16,2,14.17632347,400.1801561,2022
ALNINC_HF_1_2,ALNINC,HF,1,2,15.05717008,400.3738603,2022
SPIALB_WM_2A_2,SPIALB,WM,2A,2,24.97340426,400.6393181,2022
Spitom_HF_4_1,SPITOM,HF,4,1,30.472,400.6410256,2022
ALNINC_WM_2A_1,ALNINC,WM,2A,1,14.550529,400.707561,2022
BETPOP_HF_4_1,BETPOP,HF,4,1,17.65536723,401.0195412,2022
BETPOP_GR_5C_1,BETPOP,GR,5C,1,14.97996183,401.3019338,2022
BETPOP_GR_5B_1,BETPOP,GR,5B,1,18.12889984,401.4766959,2022
MYRGAL_SH_99_1,MYRGAL,SH,99,1,18.49321267,401.8181818,2022
ALNINC_HF_8_2,ALNINC,HF,8,2,16.18379161,402.2508974,2022
QUEALB_HF_4A_2,QUEALB,HF,4A,2,23.83943648,402.7788574,2019
SPIALB_GR_3_1,SPIALB,GR,3,1,23.15963855,402.8148508,2022
AMECAN_SH_3_1,AMECAN,SH,3,1,17.07142857,403.7337786,2019
BETALL_SH_2_2,BETALL,SH,2,2,16.16978093,403.7355948,2022
ALNINC_GR_11A_1,ALNINC,GR,11A,1,16.6702938,403.8672819,2022
BETPOP_HF_1_2,BETPOP,HF,1,2,18.4009324,403.8977546,2022
SPIALB_SH_1_1,SPIALB,SH,1,1,23.56451613,404.0074937,2022
BETPAP_HF_16_1,BETPAP,HF,16,1,16.30951072,404.0965033,2022
SPIALB_SH_4B_1,SPIALB,SH,4B,1,23.92808219,404.6563193,2022
SPIALB_GR_9_1,SPIALB,GR,9,1,25.22978723,404.7188496,2022
ALNINC_HF_1_1,ALNINC,HF,1,1,15.25880114,404.8848139,2022
AMECAN_GR_10_1,AMECAN,GR,10,1,15.19657258,404.8979592,2019
BETPAP_HF_16_2,BETPAP,HF,16,2,14.83989267,405.7781649,2022
Betpop_XX_1,BETPOP,XX,1,NA,17.70829976,406.5386883,2022
BETPAP_HF_16_2,BETPAP,HF,16,2,15.93861004,407.1942898,2022
AMECAN_SH_3_2,AMECAN,SH,3,2,13.66857143,407.6878276,2022
SPITOM_HF_5_1,SPITOM,HF,5,1,21.73453997,408.2512315,2019
ALNINC_HF_2_2,ALNINC,HF,2,2,14.09050433,408.3636364,2019
AMECAN_SH_3_1,AMECAN,SH,3,1,14.76285127,408.6262428,2022
BETPOP_WM_9_1,BETPOP,WM,9,1,18.2132216,408.6757991,2022
DIELON_SH_4_2,DIELON,SH,4,2,17.01023115,408.9570742,2019
SPIALB_SH_9B_1,SPIALB,SH,9B,1,24.45054945,409.2462673,2022
SPIALB_WM_2B_1,SPIALB,WM,2B,1,22.9939577,410.2119222,2022
SPIALB_WM_4A_2,SPIALB,WM,4A,2,27.88602941,410.4421307,2022
SPITOM_WM_5D_2,SPITOM,WM,5D,2,27.03589744,410.5263158,2022
SPIALB_HF_2_1,SPIALB,HF,2,1,21.62079511,411.6906475,2019
BETALL_SH_9_2,BETALL,SH,9,2,16.53054033,411.7760867,2022
BETPOP_HF_1_1,BETPOP,HF,1,1,18.02692778,411.8358706,2022
ALNINC_GR_11A_2,ALNINC,GR,11A,2,16.64583333,412.0466414,2022
BETPOP_GR_5B_2,BETPOP,GR,5B,2,16.82528534,412.2927677,2022
BETALL_GR_13_2,BETALL,GR,13,2,15.48390628,412.3888212,2019
AMECAN_SH_2_1,AMECAN,SH,2,1,21.27604167,412.4105012,2019
BETALL_WM_8_1,BETALL,WM,8,1,17.48487626,412.5543581,2022
Spitom_HF_4_2,SPITOM,HF,4,2,30.66023166,413.0781499,2022
BETALL_WM_8_2,BETALL,WM,8,2,16.11944677,413.3963997,2022
MYRGAL_GR_8C_1,MYRGAL,GR,8C,1,21.72803347,413.637937,2022
SPITOM_GR_2B_1,SPITOM,GR,2B,1,25.09392265,415.1376147,2022
SPITOM_HF_9_2,SPITOM,HF,9,2,NA,415.5730534,2022
BETPOP_GR_5A_1,BETPOP,GR,5A,1,15.48097166,415.7549234,2022
SPITOM_SH_99D_2,SPITOM,SH,99D,2,27.83141762,416.2679426,2022
SPITOM_HF_13_1,SPITOM,HF,13,1,22.78411911,416.7959458,2022
SPIALB_SH_7A_2,SPIALB,SH,7A,2,25.76190476,416.8734491,2022
QUERUB_GR_9_2,QUERUB,GR,9,2,19.70705999,417.5025004,2019
SPIALB_GR_9_2,SPIALB,GR,9,2,25.24489796,417.5345578,2022
SPITOM_GR_1_2,SPITOM,GR,1,2,21.3490566,419.0551492,2022
Betpop_XX_2,BETPOP,XX,2,NA,17.63101161,419.0846857,2022
AMECAN_GR_10_2,AMECAN,GR,10,2,14.85917419,419.2204815,2019
BETPOP_WM_7_1,BETPOP,WM,7,1,17.38480392,420.0123533,2022
VACMYR_GR_10B_1,VACMYR,GR,10B,1,16.21513944,420.083682,2019
DIELON_SH_4A_1,DIELON,SH,4A,1,16.71148256,421.7624521,2019
QUERUB_HF_99_1,QUERUB,HF,99,1,20.78817938,423.4336717,2019
BETALL_GR_13_2,BETALL,GR,13,2,18.4647651,423.8774833,2022
AMECAN_GR_10B_1,AMECAN,GR,10B,1,1.618134034,424.1681066,2022
BETPOP_GR_5A_2,BETPOP,GR,5A,2,14.73559322,424.5215139,2022
SPITOM_GR_1A_2,SPITOM,GR,1A,2,22.77868852,424.9390456,2022
SPITOM_GR_1B_2,SPITOM,GR,1B,2,23.21590909,425.8064516,2022
SPIALB_SH_9A_2,SPIALB,SH,9A,2,24.42060086,425.9987202,2022
VACMYR_GR_10A_1,VACMYR,GR,10A,1,15.0257732,427.4697025,2019
SPIALB_GR_12B_2,SPIALB,GR,12B,2,21.49023438,427.6288315,2022
SPIALB_HF_2_1,SPIALB,HF,2,1,20.43390805,428.0442804,2022
SPIALB_GR_12B_1,SPIALB,GR,12B,1,22.61985472,428.1567489,2022
MYRGAL_SH_99_2,MYRGAL,SH,99,2,16.34322034,429.0909091,2022
VACMYR_GR_10A_2,VACMYR,GR,10A,2,14.85737571,429.1710388,2019
SPIALB_SH_9B_2,SPIALB,SH,9B,2,23.43652174,430.1316577,2022
BETPOP_GR_3_1,BETPOP,GR,3,1,18.24135157,430.8492201,2022
SPITOM_HF_9_1,SPITOM,HF,9,1,NA,431.292517,2022
SPITOM_SH_99D_1,SPITOM,SH,99D,1,23.64242424,431.372549,2022
SPIALB_SH_1_2,SPIALB,SH,1,2,19.94784173,431.6770186,2022
SPIALB_HF_4A_1,SPIALB,HF,4A,1,22.57333333,432.0276498,2022
SPITOM_GR_1A_1,SPITOM,GR,1A,1,21.35460993,432.2501533,2022
SPITOM_SH_99F_1,SPITOM,SH,99F,1,23.65758755,432.6599327,2019
BETPOP_GR_3_2,BETPOP,GR,3,2,17.61479786,432.9590489,2022
SPITOM_SH_99D_1,SPITOM,SH,99D,1,17.43455497,433.106576,2019
SPIALB_SH_9A_1,SPIALB,SH,9A,1,22.86327078,435.6458771,2022
SAMRAC_HF_A_1,SAMRAC,HF,A,1,14.21858838,438.3543375,2022
AMECAN_SH_4_1,AMECAN,SH,4,1,15.95338983,438.7432608,2022
AMECAN_GR_10_1,AMECAN,GR,10,1,16.89151874,439.3794956,2022
QUERUB_GR_9_1,QUERUB,GR,9,1,19.37704687,439.8884672,2019
AMECAN_GR_10_2,AMECAN,GR,10,2,17.52268245,441.4453635,2022
BETPOP_WM_7_1,BETPOP,WM,7,1,15.89100817,442.0355315,2022
SPIALB_HF_4B_1,SPIALB,HF,4B,1,22.3488045,443.4050514,2019
SPITOM_WM_4B_2,SPITOM,WM,4B,2,23.0259366,446.7811159,2019
SPITOM_SH_99C_1,SPITOM,SH,99C,1,18.61513688,447.0842333,2019
QUERUB_HF_99_2,QUERUB,HF,99,2,17.2337819,451.3339323,2019
VACMYR_GR_10B_2,VACMYR,GR,10B,2,22.75757576,451.4363885,2019
SPITOM_HF_9B_2,SPITOM,HF,9B,2,22,452.5745257,2022
SPIALB_WM_4A_1,SPIALB,WM,4A,1,23.875,455.5808656,2022
AMECAN_SH_4_2,AMECAN,SH,4,2,16.68472222,459.3594488,2022
SPITOM_HF_9B_1,SPITOM,HF,9B,1,20.48615385,460.3399433,2022
SPITOM_GR_1B_1,SPITOM,GR,1B,1,21.36567164,460.4810997,2022
ALNINC_GR_8_2,ALNINC,GR,8,2,16.35028249,463.0524028,2022
BETPOP_WM_8_2,BETPOP,WM,8,2,18.66283525,473.4693878,2022
VACMYR_WM_5_1,VACMYR,WM,5,1,21.91463415,473.9884393,2019
SPITOM_WM_4B_1,SPITOM,WM,4B,1,24.00552486,476.3157895,2019
SPIALB_WM_7B_2,SPIALB,WM,7B,2,20.83414634,478.7482485,2022
ALNINC_HF_9_2,ALNINC,HF,9,2,14.70961348,490.9139563,2022
SPIALB_WM_5_2,SPIALB,WM,5,2,22.532,502.6135907,2022
AMECAN_GR_10B_2,AMECAN,GR,10B,2,15.05050505,508.3440308,2022
SPIALB_WM_5_1,SPIALB,WM,5,1,20,521.7655089,2022
SPITOM_GR_2E_2,SPITOM,GR,2E,2,16.20873269,544.3478261,2019
MYRGAL_WM_6A_1,MYRGAL,WM,6A,1,2.202030457,370.9282621,2022
SPIALB_SH_7_1,SPIALB,SH,7,1,2.36173913,385.6148881,2022
SPITOM_WM_5D_1,SPITOM,WM,5D,1,2.80776699,390.0776368,2022
SPITOM_HF_13_2,SPITOM,HF,13,2,2.58694517,402.3954612,2022
BETALL_WM_9_1,BETALL,WM,9,1,NA,NA,2019
BETALL_WM_9_2,BETALL,WM,9,2,NA,NA,2019
ALNINC_SH_4_2,ALNINC,SH,4,2,NA,NA,2019
SPITOM_GR_2B_2,SPITOM,GR,2B,2,NA,NA,2019
BETPAP_GR_5_1,BETPAP,GR,5,1,NA,NA,2022
BETPAP_GR_5_2,BETPAP,GR,5,2,NA,NA,2022
ALNINC_WM_5_1,ALNINC,WM,5,1,NA,NA,2022
ALNINC_WM_5_2,ALNINC,WM,5,2,NA,NA,2022
BETPAP_SH_1B_1,BETPAP,SH,1B,1,NA,NA,2022
BETPAP_SH_1B_2,BETPAP,SH,1B,2,NA,NA,2022
AMECAN_GR_10_1,AMECAN,GR,10,1,NA,NA,2022
AMECAN_GR_10_2,AMECAN,GR,10,2,NA,NA,2022
BETPAP_GR_5B_1,BETPAP,GR,5B,1,NA,NA,2022
BETPAP_GR_5B_2,BETPAP,GR,5B,2,NA,NA,2022
ACEPEN_WM_5_1,ACEPEN,WM,5,1,NA,NA,2022
ACEPEN_WM_5_2,ACEPEN,WM,5,2,NA,NA,2022
BETPOP_HF_5_1,BETPOP,HF,5,1,NA,NA,2022
BETPOP_HF_5_2,BETPOP,HF,5,2,NA,NA,2022
BETALL_GR_13_1,BETALL,GR,13,1,NA,NA,2022
BETALL_GR_13_2,BETALL,GR,13,2,NA,NA,2022
BETPAP_GR_5A_1,BETPAP,GR,5A,1,NA,NA,2022
BETPAP_GR_5A_2,BETPAP,GR,5A,2,NA,NA,2022
AMECAN_GR_10A_1,AMECAN,GR,10A,1,NA,NA,2022
AMECAN_GR_10A_2,AMECAN,GR,10A,2,NA,NA,2022
BETPAP_GR_8_1,BETPAP,GR,8,1,NA,NA,2022
BETPAP_GR_8_2,BETPAP,GR,8,2,NA,NA,2022
AROMEL_HF_4_1,AROMEL,HF,4,1,NA,NA,2022
AROMEL_HF_4_2,AROMEL,HF,4,2,NA,NA,2022
SPITOM_WM_5E_1,SPITOM,WM,5E,1,NA,NA,2022
SPITOM_WM_5E_2,SPITOM,WM,5E,2,NA,NA,2022
MYRGAL_WM_6A_1,MYRGAL,WM,6A,1,NA,NA,2022
MYRGAL_WM_6A_2,MYRGAL,WM,6A,2,NA,NA,2022
SPITOM_WM_5B_1,SPITOM,WM,5B,1,NA,NA,2022
SPITOM_WM_5B_2,SPITOM,WM,5B,2,NA,NA,2022
MYRGAL_GR_8B_1,MYRGAL,GR,8B,1,NA,NA,2022
MYRGAL_GR_8B_2,MYRGAL,GR,8B,2,NA,NA,2022
MYRGAL_GR_8A_1,MYRGAL,GR,8A,1,NA,NA,2022
MYRGAL_GR_8A_2,MYRGAL,GR,8A,2,NA,NA,2022
SPIALB_HF_4_1,SPIALB,HF,4,1,NA,NA,2022
SPIALB_HF_4_2,SPIALB,HF,4,2,NA,NA,2022
MYRGAL_SH_1A_1,MYRGAL,SH,1A,1,NA,NA,2022
MYRGAL_SH_1A_2,MYRGAL,SH,1A,2,NA,NA,2022
SPITOM_WM_5C_1,SPITOM,WM,5C,1,NA,NA,2022
SPITOM_WM_5C_2,SPITOM,WM,5C,2,NA,NA,2022
MYRGAL_WM_6B_1,MYRGAL,WM,6B,1,NA,NA,2022
MYRGAL_WM_6B_2,MYRGAL,WM,6B,2,NA,NA,2022
SPITOM_WM_5A_1,SPITOM,WM,5A,1,NA,NA,2022
SPITOM_WM_5A_2,SPITOM,WM,5A,2,NA,NA,2022
ACEPEN_WM_5_1,ACEPEN,WM,5,1,NA,NA,2022
ACEPEN_WM_5_2,ACEPEN,WM,5,2,NA,NA,2022
BETPAP_HF_16_1,BETPAP,HF,16,1,NA,NA,2022
BETPAP_HF_16_2,BETPAP,HF,16,2,NA,NA,2022
BETALL_WM_8B_1,BETALL,WM,8B,1,25.52859351,NA,2022
BETALL_WM_8B_2,BETALL,WM,8B,2,24.01041348,NA,2022
AMECAN_SH_4_1,AMECAN,SH,4,1,NA,NA,2022
AMECAN_SH_4_2,AMECAN,SH,4,2,NA,NA,2022
AMECAN_GR_10B_1,AMECAN,GR,10B,1,NA,NA,2022
AMECAN_GR_10B_2,AMECAN,GR,10B,2,NA,NA,2022
ALNINC_SH_6_1,ALNINC,SH,6,1,NA,NA,2022
ALNINC_SH_6_2,ALNINC,SH,6,2,NA,NA,2022
AMECAN_GR_10A_1,AMECAN,GR,10A,1,NA,NA,2022
AMECAN_GR_10A_2,AMECAN,GR,10A,2,NA,NA,2022
ACEPEN_HF_12_1,ACEPEN,HF,12,1,NA,NA,2022
ACEPEN_HF_12_2,ACEPEN,HF,12,2,NA,NA,2022
QUERUB_HF_99_1,QUERUB,HF,99,1,NA,NA,2022
QUERUB_HF_99_2,QUERUB,HF,99,2,NA,NA,2022
QUERUB_GR_9_1,QUERUB,GR,9,1,NA,NA,2022
QUERUB_GR_9_2,QUERUB,GR,9,2,NA,NA,2022
AMECAN_SH_2_1,AMECAN,SH,2,1,NA,NA,2022
AMECAN_SH_2_2,AMECAN,SH,2,2,NA,NA,2022
BETPAP_HF_16A_1,BETPAP,HF,16A,1,NA,NA,2022
BETPAP_HF_16A_2,BETPAP,HF,16A,2,NA,NA,2022
SAMRAC_GR_4_1,SAMRAC,GR,4,1,19.91509966,NA,2022
SAMRAC_GR_4_2,SAMRAC,GR,4,2,18.87711692,NA,2022
SORAME_GR_9A_1,SORAME,GR,9A,1,NA,NA,2022
SORAME_GR_9A_2,SORAME,GR,9A,2,NA,NA,2022
SORAME_SH_3_1,SORAME,SH,3,1,NA,NA,2022
SORAME_SH_3_2,SORAME,SH,3,2,NA,NA,2022
SORAME_GR_9B_1,SORAME,GR,9B,1,NA,NA,2022
SORAME_GR_9B_2,SORAME,GR,9B,2,NA,NA,2022
SORAME_GR_9C_1,SORAME,GR,9C,1,NA,NA,2022
SORAME_GR_9C_2,SORAME,GR,9C,2,NA,NA,2022
DIELON_HF_1B_1,DIELON,HF,1B,1,NA,NA,2022
DIELON_HF_1B_2,DIELON,HF,1B,2,NA,NA,2022
ACESPI_GR_4_1,ACESPI,GR,4,1,NA,NA,2022
ACESPI_GR_4_2,ACESPI,GR,4,2,NA,NA,2022
SORAME_GR_9D_1,SORAME,GR,9D,1,NA,NA,2022
SORAME_GR_9D_2,SORAME,GR,9D,2,NA,NA,2022
ACESPI_WM_1_1,ACESPI,WM,1,1,NA,NA,2022
ACESPI_WM_1_2,ACESPI,WM,1,2,NA,NA,2022
DIELON_WM_1,DIELON,WM,1,NA,NA,NA,2022
DIELON_WM_2,DIELON,WM,2,NA,NA,NA,2022
SPITOM_GR_2E_1,SPITOM,GR,2E,1,NA,NA,2022
SPITOM_GR_2E_2,SPITOM,GR,2E,2,NA,NA,2022
SPITOM_GR_2A_1,SPITOM,GR,2A,1,NA,NA,2022
SPITOM_GR_2A_2,SPITOM,GR,2A,2,NA,NA,2022
SPITOM_HF_9A_1,SPITOM,HF,9A,1,NA,NA,2022
SPITOM_HF_9A_2,SPITOM,HF,9A,2,NA,NA,2022
BETPAP_GR_9_1,BETPAP,GR,9,1,NA,NA,2022
BETPAP_GR_9_2,BETPAP,GR,9,2,NA,NA,2022
BETALL_SH_5_1,BETALL,SH,5,1,NA,NA,2022
BETALL_SH_5_2,BETALL,SH,5,2,NA,NA,2022
BETALL_SH_4B_1,BETALL,SH,4B,1,NA,NA,2022
BETALL_SH_4B_2,BETALL,SH,4B,2,NA,NA,2022
BETALL_SH_4A_1,BETALL,SH,4A,1,26.48829649,NA,2022
BETALL_SH_4A_2,BETALL,SH,4A,2,20.25056638,NA,2022
SAMRAC_HF_B_1,SAMRAC,HF,B,1,34.70585366,NA,2022
SAMRAC_HF_B_2,SAMRAC,HF,B,2,27.85488821,NA,2022
SAMRAC_GR_1_1,SAMRAC,GR,1,1,NA,NA,2022
SAMRAC_GR_1_2,SAMRAC,GR,1,2,NA,NA,2022
SAMRAC_GR_7_1,SAMRAC,GR,7,1,NA,NA,2022
SAMRAC_GR_7_2,SAMRAC,GR,7,2,NA,NA,2022
SORAME_SH_3B_1,SORAME,SH,3B,1,NA,NA,2022
SORAME_SH_3B_2,SORAME,SH,3B,2,NA,NA,2022
DIELON_SH_4A_1,DIELON,SH,4A,1,NA,NA,2022
DIELON_SH_4A_2,DIELON,SH,4A,2,NA,NA,2022
SORAME_SH_3A_1,SORAME,SH,3A,1,NA,NA,2022
SORAME_SH_3A_2,SORAME,SH,3A,2,NA,NA,2022
DIELON_HF_1_1,DIELON,HF,1,1,NA,NA,2022
DIELON_HF_1_2,DIELON,HF,1,2,NA,NA,2022
ACESPI_GR_4_1,ACESPI,GR,4,1,NA,NA,2022
ACESPI_GR_4_2,ACESPI,GR,4,2,NA,NA,2022
SORAME_GR_9B_1,SORAME,GR,9B,1,NA,NA,2022
SORAME_GR_9B_2,SORAME,GR,9B,2,NA,NA,2022
SPIALB_WM_2A_1,SPIALB,WM,2A,1,NA,NA,2022
SPIALB_WM_2A_2,SPIALB,WM,2A,2,NA,NA,2022
SPITOM_SH_99B_1,SPITOM,SH,99B,1,NA,NA,2022
SPITOM_SH_99B_2,SPITOM,SH,99B,2,NA,NA,2022
SPITOM_SH_99C_1,SPITOM,SH,99C,1,NA,NA,2022
SPITOM_SH_99C_2,SPITOM,SH,99C,2,NA,NA,2022
SPITOM_HF_5_1,SPITOM,HF,5,1,NA,NA,2022
SPITOM_HF_5_2,SPITOM,HF,5,2,NA,NA,2022
SPITOM_SH_99E_1,SPITOM,SH,99E,1,NA,NA,2022
SPITOM_SH_99E_2,SPITOM,SH,99E,2,NA,NA,2022
AROMEL_WM_5_1,AROMEL,WM,5,1,NA,NA,2022
AROMEL_WM_5_2,AROMEL,WM,5,2,NA,NA,2022
SPITOM_HF_6_1,SPITOM,HF,6,1,NA,NA,2022
SPITOM_HF_6_2,SPITOM,HF,6,2,NA,NA,2022
VIBCAS_GR_1B_1,VIBCAS,GR,1B,1,NA,NA,2022
VIBCAS_GR_1B_2,VIBCAS,GR,1B,2,NA,NA,2022
SPIALB_WM_2A_1,SPIALB,WM,2A,1,NA,NA,2022
SPIALB_WM_2A_2,SPIALB,WM,2A,2,NA,NA,2022
VACMYR_WM_5_1,VACMYR,WM,5,1,NA,NA,2022
VACMYR_WM_5_2,VACMYR,WM,5,2,NA,NA,2022
VACMYR_GR_10A_1,VACMYR,GR,10A,1,NA,NA,2022
VACMYR_GR_10A_2,VACMYR,GR,10A,2,NA,NA,2022
SORAME_SH_1A_1,SORAME,SH,1A,1,NA,NA,2022
SORAME_SH_1A_2,SORAME,SH,1A,2,NA,NA,2022
VACMYR_GR_10B_1,VACMYR,GR,10B,1,NA,NA,2022
VACMYR_GR_10B_2,VACMYR,GR,10B,2,NA,NA,2022
SORAME_SH_1B_1,SORAME,SH,1B,1,NA,NA,2022
SORAME_SH_1B_2,SORAME,SH,1B,2,NA,NA,2022
VACMYR_GR_10C_1,VACMYR,GR,10C,1,NA,NA,2022
VACMYR_GR_10C_2,VACMYR,GR,10C,2,NA,NA,2022
DIELON_SH_4_1,DIELON,SH,4,1,NA,NA,2022
DIELON_SH_4_2,DIELON,SH,4,2,NA,NA,2022
SORAME_SH_3_1,SORAME,SH,3,1,NA,NA,2022
SORAME_SH_3_2,SORAME,SH,3,2,NA,NA,2022
SAMRAC_GR_4_1,SAMRAC,GR,4,1,NA,NA,2022
SAMRAC_GR_4_2,SAMRAC,GR,4,2,NA,NA,2022
VIBCAS_HF_7_1,VIBCAS,HF,7,1,NA,NA,2022
VIBCAS_HF_7_2,VIBCAS,HF,7,2,NA,NA,2022
VIBCAS_GR_3_1,VIBCAS,GR,3,1,11.99047619,NA,2022
VIBCAS_GR_3_2,VIBCAS,GR,3,2,13.59896042,NA,2022
DIELON_GR_6_1,DIELON,GR,6,1,NA,NA,2022
DIELON_GR_6_2,DIELON,GR,6,2,NA,NA,2022
DIELON_GR_2_1,DIELON,GR,2,1,NA,NA,2022
DIELON_GR_2_2,DIELON,GR,2,2,NA,NA,2022
DIELON_SH_4_1,DIELON,SH,4,1,NA,NA,2022
DIELON_SH_4_2,DIELON,SH,4,2,NA,NA,2022
SORAME_SH_3_1,SORAME,SH,3,1,NA,NA,2022
SORAME_SH_3_2,SORAME,SH,3,2,NA,NA,2022
ALNINC_HF_9_1,ALNINC,HF,9,1,NA,NA,2022
ALNINC_HF_9_2,ALNINC,HF,9,2,NA,NA,2022
QUEALB_HF_4_1,QUEALB,HF,4,1,NA,NA,2022
QUEALB_HF_4_2,QUEALB,HF,4,2,NA,NA,2022
QUEALB_HF_4A_1,QUEALB,HF,4A,1,NA,NA,2022
QUEALB_HF_4A_2,QUEALB,HF,4A,2,NA,NA,2022
QUEALB_HF_4B_1,QUEALB,HF,4B,1,NA,NA,2022
QUEALB_HF_4B_2,QUEALB,HF,4B,2,NA,NA,2022
BETALL_WM_9_1,BETALL,WM,9,1,NA,NA,2022
BETALL_WM_9_2,BETALL,WM,9,2,NA,NA,2022
ALNINC_SH_4A_1,ALNINC,SH,4A,1,NA,NA,2022
ALNINC_SH_4A_2,ALNINC,SH,4A,2,NA,NA,2022
Amecan_WM_1,AMECAN,WM,1,NA,NA,NA,2022
Amecan_WM_2,AMECAN,WM,2,NA,NA,NA,2022
Spitom_GR_11A_1,SPITOM,GR,11A,1,NA,NA,2022
Spitom_GR_11A_1,SPITOM,GR,11A,1,NA,NA,2022
SAMRAC_HF_1_1,SAMRAC,HF,1,1,NA,NA,2022
SAMRAC_HF_1_2,SAMRAC,HF,1,2,NA,NA,2022
VIBCAS_GR_3_1,VIBCAS,GR,3,1,NA,NA,2022
VIBCAS_GR_3_2,VIBCAS,GR,3,2,NA,NA,2022
SAMRAC_GR_11_1,SAMRAC,GR,11,1,NA,NA,2022
SAMRAC_GR_11_2,SAMRAC,GR,11,2,NA,NA,2022
ALNINC_WM_5B_1,ALNINC,WM,5B,1,NA,NA,2022
ALNINC_WM_5B_2,ALNINC,WM,5B,2,NA,NA,2022